system:index,Z1,.geo
000000000000000002b8,-10.694685935974121,"{""type"":""Point"",""coordinates"":[-48.70723347150099,-25.41625173049403]}"
000000000000000002a0,-10.687067031860352,"{""type"":""Point"",""coordinates"":[-48.70733603082523,-25.41625173049403]}"
00000000000000000288,-10.682123184204102,"{""type"":""Point"",""coordinates"":[-48.70743413104841,-25.41625173049403]}"
00000000000000000257,-10.673222541809082,"{""type"":""Point"",""coordinates"":[-48.70773734992003,-25.41607782555294]}"
0000000000000000026d,-10.654546737670898,"{""type"":""Point"",""coordinates"":[-48.70763479059581,-25.416167007574007]}"
00000000000000000256,-10.650102615356445,"{""type"":""Point"",""coordinates"":[-48.70773734992003,-25.415988643531872]}"
0000000000000000023d,-10.634758949279785,"{""type"":""Point"",""coordinates"":[-48.70783545014321,-25.415988643531872]}"
000000000000000002d1,-10.616840362548828,"{""type"":""Point"",""coordinates"":[-48.707135371277815,-25.416247271392972]}"
000000000000000002a1,-10.568781852722168,"{""type"":""Point"",""coordinates"":[-48.70733157172416,-25.41634091251509]}"
00000000000000000289,-10.56733512878418,"{""type"":""Point"",""coordinates"":[-48.70743413104841,-25.416345371616142]}"
0000000000000000026f,-10.567103385925293,"{""type"":""Point"",""coordinates"":[-48.70763479059581,-25.41607782555294]}"
0000000000000000022e,-10.519428253173828,"{""type"":""Point"",""coordinates"":[-48.707839909244264,-25.4158994615108]}"
00000000000000000270,-10.507357597351074,"{""type"":""Point"",""coordinates"":[-48.707532231271564,-25.416256189595078]}"
00000000000000000216,-10.497672080993652,"{""type"":""Point"",""coordinates"":[-48.70793800946744,-25.4158994615108]}"
00000000000000000224,-10.493414878845215,"{""type"":""Point"",""coordinates"":[-48.70793800946744,-25.415993102632925]}"
000000000000000002b9,-10.479070663452148,"{""type"":""Point"",""coordinates"":[-48.707233471500984,-25.416340912515093]}"
00000000000000000247,-10.470987319946289,"{""type"":""Point"",""coordinates"":[-48.70773734992003,-25.4158994615108]}"
0000000000000000029f,-10.458746910095215,"{""type"":""Point"",""coordinates"":[-48.707429671947345,-25.41643455363722]}"
0000000000000000026e,-10.452160835266113,"{""type"":""Point"",""coordinates"":[-48.707639249696854,-25.415984184430815]}"
00000000000000000285,-10.452019691467285,"{""type"":""Point"",""coordinates"":[-48.70753669037263,-25.416167007574007]}"
0000000000000000029d,-10.38953971862793,"{""type"":""Point"",""coordinates"":[-48.70743413104841,-25.416162548472958]}"
00000000000000000255,-10.378833770751953,"{""type"":""Point"",""coordinates"":[-48.70773289081898,-25.416167007574007]}"
000000000000000002d2,-10.366348266601562,"{""type"":""Point"",""coordinates"":[-48.70713537127782,-25.416340912515093]}"
000000000000000002b7,-10.34565258026123,"{""type"":""Point"",""coordinates"":[-48.70733157172417,-25.41643455363722]}"
0000000000000000023e,-10.33484172821045,"{""type"":""Point"",""coordinates"":[-48.70783545014321,-25.41607782555294]}"
0000000000000000022d,-10.333358764648438,"{""type"":""Point"",""coordinates"":[-48.707839909244264,-25.415810279489733]}"
00000000000000000271,-10.333074569702148,"{""type"":""Point"",""coordinates"":[-48.70753223127157,-25.416345371616142]}"
00000000000000000284,-10.308155059814453,"{""type"":""Point"",""coordinates"":[-48.70753669037263,-25.41607336645189]}"
00000000000000000260,-10.298487663269043,"{""type"":""Point"",""coordinates"":[-48.70763924969686,-25.415895002409748]}"
000000000000000001fd,-10.269830703735352,"{""type"":""Point"",""coordinates"":[-48.70803610969062,-25.415903920611854]}"
000000000000000002cf,-10.232929229736328,"{""type"":""Point"",""coordinates"":[-48.707233471500984,-25.41643009453616]}"
00000000000000000246,-10.214103698730469,"{""type"":""Point"",""coordinates"":[-48.70774180902109,-25.41580582038868]}"
000000000000000002ea,-10.205273628234863,"{""type"":""Point"",""coordinates"":[-48.70703281195359,-25.416336453414043]}"
00000000000000000298,-10.177070617675781,"{""type"":""Point"",""coordinates"":[-48.70742967194735,-25.416523735658284]}"
0000000000000000029c,-10.169678688049316,"{""type"":""Point"",""coordinates"":[-48.70743859014945,-25.416073366451887]}"
00000000000000000259,-10.148295402526855,"{""type"":""Point"",""coordinates"":[-48.70763479059581,-25.416256189595078]}"
00000000000000000286,-10.14373779296875,"{""type"":""Point"",""coordinates"":[-48.70753669037263,-25.415984184430815]}"
00000000000000000287,-10.140995979309082,"{""type"":""Point"",""coordinates"":[-48.70753223127157,-25.41643455363722]}"
000000000000000002d0,-10.133978843688965,"{""type"":""Point"",""coordinates"":[-48.707130912176765,-25.41643009453616]}"
00000000000000000225,-10.130379676818848,"{""type"":""Point"",""coordinates"":[-48.707933550366384,-25.416082284653996]}"
000000000000000001fc,-10.121723175048828,"{""type"":""Point"",""coordinates"":[-48.70804056879166,-25.415810279489733]}"
00000000000000000215,-10.11367130279541,"{""type"":""Point"",""coordinates"":[-48.70793800946744,-25.415810279489733]}"
0000000000000000020b,-10.108329772949219,"{""type"":""Point"",""coordinates"":[-48.70803610969061,-25.415993102632925]}"
000000000000000002b0,-10.064348220825195,"{""type"":""Point"",""coordinates"":[-48.70733157172416,-25.416523735658284]}"
0000000000000000023c,-10.03724193572998,"{""type"":""Point"",""coordinates"":[-48.70783545014321,-25.416171466675067]}"
000000000000000002e9,-10.024877548217773,"{""type"":""Point"",""coordinates"":[-48.70703727105465,-25.41624727139297]}"
000000000000000002b5,-9.9956498,"{""type"":""Point"",""coordinates"":[-48.70733603082523,-25.41616254847296]}"
00000000000000000240,-9.9784348,"{""type"":""Point"",""coordinates"":[-48.70773289081899,-25.41626064869613]}"
0000000000000000029e,-9.9677292,"{""type"":""Point"",""coordinates"":[-48.70743859014945,-25.415984184430815]}"
000000000000000002c8,-9.9516246,"{""type"":""Point"",""coordinates"":[-48.70722901239994,-25.41651927655723]}"
000000000000000001e5,-9.9418173,"{""type"":""Point"",""coordinates"":[-48.70813866901484,-25.415903920611854]}"
00000000000000000277,-9.9358393,"{""type"":""Point"",""coordinates"":[-48.707541149473684,-25.415895002409748]}"
00000000000000000258,-9.9125181,"{""type"":""Point"",""coordinates"":[-48.70763033149475,-25.416439012738273]}"
000000000000000002cd,-9.8969265,"{""type"":""Point"",""coordinates"":[-48.707237930602055,-25.416162548472958]}"
00000000000000000299,-9.8957665,"{""type"":""Point"",""coordinates"":[-48.70742521284629,-25.41661291767935]}"
000000000000000001e4,-9.8881337,"{""type"":""Point"",""coordinates"":[-48.70813866901484,-25.415814738590782]}"
00000000000000000241,-9.8220985,"{""type"":""Point"",""coordinates"":[-48.707728431717925,-25.416349830717202]}"
000000000000000002b1,-9.8182063,"{""type"":""Point"",""coordinates"":[-48.707327112623126,-25.41661291767935]}"
0000000000000000025a,-9.7940479,"{""type"":""Point"",""coordinates"":[-48.70763033149475,-25.416345371616142]}"
0000000000000000038d,-9.7890954,"{""type"":""Point"",""coordinates"":[-48.70643083331137,-25.416688722397257]}"
00000000000000000374,-9.78343391418457,"{""type"":""Point"",""coordinates"":[-48.70653339263561,-25.416693181498314]}"
00000000000000000302,-9.7718206,"{""type"":""Point"",""coordinates"":[-48.70693471173041,-25.416336453414043]}"
00000000000000000223,-9.7441299,"{""type"":""Point"",""coordinates"":[-48.707933550366384,-25.416171466675067]}"
00000000000000000332,-9.7412153,"{""type"":""Point"",""coordinates"":[-48.70673405218301,-25.416425635435107]}"
0000000000000000031b,-9.7396857,"{""type"":""Point"",""coordinates"":[-48.70683661150724,-25.416336453414043]}"
0000000000000000023f,-9.7283188,"{""type"":""Point"",""coordinates"":[-48.70772843171793,-25.416439012738266]}"
000000000000000001f3,-9.7266434,"{""type"":""Point"",""coordinates"":[-48.70813420991379,-25.415993102632925]}"
000000000000000002c9,-9.7213006,"{""type"":""Point"",""coordinates"":[-48.70722901239994,-25.41661291767935]}"
0000000000000000020c,-9.7056969,"{""type"":""Point"",""coordinates"":[-48.70803165058956,-25.416082284653992]}"
00000000000000000227,-9.7022033,"{""type"":""Point"",""coordinates"":[-48.70783099104216,-25.41626064869613]}"
0000000000000000035c,-9.697232246398926,"{""type"":""Point"",""coordinates"":[-48.70663595195983,-25.416510358355122]}"
00000000000000000391,-9.6893917,"{""type"":""Point"",""coordinates"":[-48.70643083331137,-25.41677790441833]}"
000000000000000002e8,-9.6815226,"{""type"":""Point"",""coordinates"":[-48.70703281195359,-25.41643009453616]}"
000000000000000002e1,-9.6768503,"{""type"":""Point"",""coordinates"":[-48.707130912176765,-25.416519276557235]}"
000000000000000003ab,-9.6742958,"{""type"":""Point"",""coordinates"":[-48.70632827398715,-25.416867086439403]}"
000000000000000003c2,-9.6631578,"{""type"":""Point"",""coordinates"":[-48.70623017376397,-25.41695626846047]}"
00000000000000000378,-9.6588275,"{""type"":""Point"",""coordinates"":[-48.70652893353455,-25.416782363519385]}"
00000000000000000376,-9.6532487,"{""type"":""Point"",""coordinates"":[-48.706533392635606,-25.416599540376197]}"
0000000000000000025f,-9.6516557,"{""type"":""Point"",""coordinates"":[-48.707639249696854,-25.415805820388684]}"
00000000000000000296,-9.6496249,"{""type"":""Point"",""coordinates"":[-48.70742521284629,-25.416706558801476]}"
000000000000000001b6,-9.6254293,"{""type"":""Point"",""coordinates"":[-48.708339328562246,-25.41572555656972]}"
00000000000000000319,-9.6229367,"{""type"":""Point"",""coordinates"":[-48.706836611507235,-25.416425635435107]}"
00000000000000000198,-9.6225313,"{""type"":""Point"",""coordinates"":[-48.70844188788647,-25.41554719252758]}"
000000000000000003aa,-9.6062728,"{""type"":""Point"",""coordinates"":[-48.7063327330882,-25.416777904418332]}"
00000000000000000343,-9.5920955,"{""type"":""Point"",""coordinates"":[-48.70673405218301,-25.41651481745618]}"
00000000000000000250,-9.555946350097656,"{""type"":""Point"",""coordinates"":[-48.707728431717925,-25.41652819475934]}"
0000000000000000035d,-9.5481122,"{""type"":""Point"",""coordinates"":[-48.706631492858776,-25.416603999477246]}"
00000000000000000248,-9.5427691,"{""type"":""Point"",""coordinates"":[-48.70774180902109,-25.41571663836761]}"
00000000000000000199,-9.5424771,"{""type"":""Point"",""coordinates"":[-48.70844188788648,-25.41563637454865]}"
000000000000000002ae,-9.5369016,"{""type"":""Point"",""coordinates"":[-48.707327112623126,-25.416702099700423]}"
000000000000000003c4,-9.53383731842041,"{""type"":""Point"",""coordinates"":[-48.70623017376397,-25.416867086439403]}"
000000000000000003a9,-9.5306173,"{""type"":""Point"",""coordinates"":[-48.70632827398715,-25.41696072756152]}"
00000000000000000392,-9.5251877,"{""type"":""Point"",""coordinates"":[-48.70643083331137,-25.41687154554045]}"
00000000000000000300,-9.5178002,"{""type"":""Point"",""coordinates"":[-48.70693471173041,-25.416425635435107]}"
000000000000000001b4,-9.5121675,"{""type"":""Point"",""coordinates"":[-48.708334869461204,-25.415814738590782]}"
00000000000000000280,-9.5113281,"{""type"":""Point"",""coordinates"":[-48.70752777217052,-25.41652819475934]}"
0000000000000000035f,-9.4879567,"{""type"":""Point"",""coordinates"":[-48.70662703375773,-25.416782363519385]}"
0000000000000000019d,-9.4805353,"{""type"":""Point"",""coordinates"":[-48.70843742878542,-25.41572555656972]}"
000000000000000001cc,-9.4740134,"{""type"":""Point"",""coordinates"":[-48.70823676923802,-25.415814738590782]}"
0000000000000000032b,-9.4738169,"{""type"":""Point"",""coordinates"":[-48.706832152406186,-25.41651481745618]}"
0000000000000000035b,-9.4633826,"{""type"":""Point"",""coordinates"":[-48.706631492858776,-25.416693181498314]}"
00000000000000000269,-9.4431947,"{""type"":""Point"",""coordinates"":[-48.7076258723937,-25.41652819475934]}"
00000000000000000228,-9.4268256,"{""type"":""Point"",""coordinates"":[-48.70783099104216,-25.416349830717202]}"
00000000000000000344,-9.4216728,"{""type"":""Point"",""coordinates"":[-48.70673405218301,-25.416603999477246]}"
000000000000000003db,-9.4058091,"{""type"":""Point"",""coordinates"":[-48.70612761443974,-25.416956268460467]}"
000000000000000001b1,-9.395581245422363,"{""type"":""Point"",""coordinates"":[-48.70833932856224,-25.41563637454865]}"
00000000000000000379,-9.3926471,"{""type"":""Point"",""coordinates"":[-48.70652893353455,-25.416871545540452]}"
00000000000000000297,-9.3836266,"{""type"":""Point"",""coordinates"":[-48.70742521284629,-25.416795740822543]}"
00000000000000000390,-9.3815092,"{""type"":""Point"",""coordinates"":[-48.70642637421031,-25.41696072756152]}"
0000000000000000020f,-9.3740087,"{""type"":""Point"",""coordinates"":[-48.70792909126533,-25.416260648696127]}"
00000000000000000312,-9.3686803,"{""type"":""Point"",""coordinates"":[-48.70693025262936,-25.41651481745618]}"
0000000000000000022f,-9.3623297,"{""type"":""Point"",""coordinates"":[-48.707839909244264,-25.41571663836761]}"
00000000000000000346,-9.3601756,"{""type"":""Point"",""coordinates"":[-48.70672959308195,-25.416782363519385]}"
0000000000000000019b,-9.3243534,"{""type"":""Point"",""coordinates"":[-48.70843742878542,-25.415819197691842]}"
0000000000000000032c,-9.3165362,"{""type"":""Point"",""coordinates"":[-48.706832152406186,-25.416603999477246]}"
000000000000000002e6,-9.3148723,"{""type"":""Point"",""coordinates"":[-48.70713983037888,-25.416158089371905]}"
000000000000000002af,-9.2998808,"{""type"":""Point"",""coordinates"":[-48.70732265352206,-25.416795740822543]}"
000000000000000001f4,-9.2858501,"{""type"":""Point"",""coordinates"":[-48.70813420991379,-25.416082284653992]}"
00000000000000000180,-9.2826821,"{""type"":""Point"",""coordinates"":[-48.70853998810965,-25.41554719252758]}"
000000000000000001ce,-9.2778859,"{""type"":""Point"",""coordinates"":[-48.70824122833907,-25.41572555656972]}"
00000000000000000342,-9.2725529,"{""type"":""Point"",""coordinates"":[-48.70672959308196,-25.416693181498314]}"
0000000000000000019a,-9.2657183,"{""type"":""Point"",""coordinates"":[-48.70844188788648,-25.41545801050651]}"
000000000000000002f9,-9.2635438,"{""type"":""Point"",""coordinates"":[-48.70703281195359,-25.41651927655723]}"
00000000000000000360,-9.2601066,"{""type"":""Point"",""coordinates"":[-48.70662703375773,-25.41687154554045]}"
00000000000000000377,-9.2489686,"{""type"":""Point"",""coordinates"":[-48.70652447443349,-25.41696072756152]}"
0000000000000000020a,-9.2458577,"{""type"":""Point"",""coordinates"":[-48.70803165058956,-25.416171466675063]}"
000000000000000001fe,-9.2144153,"{""type"":""Point"",""coordinates"":[-48.708040568791674,-25.415721097468662]}"
000000000000000001e6,-9.2103014,"{""type"":""Point"",""coordinates"":[-48.70813866901484,-25.41572555656972]}"
000000000000000002e2,-9.2026544,"{""type"":""Point"",""coordinates"":[-48.707130912176765,-25.416608458578295]}"
00000000000000000313,-9.1982576,"{""type"":""Point"",""coordinates"":[-48.70693025262936,-25.416608458578295]}"
00000000000000000217,-9.1944751,"{""type"":""Point"",""coordinates"":[-48.70794246856849,-25.415721097468662]}"
000000000000000002c6,-9.1840836,"{""type"":""Point"",""coordinates"":[-48.70722901239995,-25.416702099700423]}"
00000000000000000182,-9.1820195,"{""type"":""Point"",""coordinates"":[-48.708544447210706,-25.41545801050651]}"
00000000000000000276,-9.1807353,"{""type"":""Point"",""coordinates"":[-48.707541149473684,-25.415805820388684]}"
00000000000000000329,-9.1674164,"{""type"":""Point"",""coordinates"":[-48.70682769330513,-25.416697640599367]}"
0000000000000000016b,-9.1619223,"{""type"":""Point"",""coordinates"":[-48.70864254743388,-25.41546246960757]}"
00000000000000000181,-9.1485162,"{""type"":""Point"",""coordinates"":[-48.70853998810965,-25.4156408336497]}"
0000000000000000032a,-9.1302829,"{""type"":""Point"",""coordinates"":[-48.70682769330513,-25.416786822620438]}"
000000000000000001b5,-9.124639511108398,"{""type"":""Point"",""coordinates"":[-48.7083348694612,-25.415908379712914]}"
000000000000000001cd,-9.1234257,"{""type"":""Point"",""coordinates"":[-48.70823676923802,-25.415903920611854]}"
00000000000000000347,-9.1109985,"{""type"":""Point"",""coordinates"":[-48.706725133980896,-25.416876004641505]}"
00000000000000000169,-9.1062258,"{""type"":""Point"",""coordinates"":[-48.708638088332826,-25.415551651628633]}"
000000000000000001b0,-9.1049141,"{""type"":""Point"",""coordinates"":[-48.708343787663296,-25.415547192527583]}"
00000000000000000171,-9.1026852,"{""type"":""Point"",""coordinates"":[-48.70864254743388,-25.415368828485438]}"
0000000000000000035e,-9.0959026,"{""type"":""Point"",""coordinates"":[-48.70662703375772,-25.416965186662573]}"
000000000000000002fa,-9.0931211,"{""type"":""Point"",""coordinates"":[-48.70702835285254,-25.416608458578295]}"
0000000000000000028f,-9.0912498,"{""type"":""Point"",""coordinates"":[-48.707443049250514,-25.415895002409748]}"
00000000000000000226,-9.0897534,"{""type"":""Point"",""coordinates"":[-48.707826531941095,-25.41643901273827]}"
0000000000000000019c,-9.0660156,"{""type"":""Point"",""coordinates"":[-48.708432969684374,-25.415908379712914]}"
000000000000000001f6,-9.0639138,"{""type"":""Point"",""coordinates"":[-48.70803165058956,-25.416265107797184]}"
00000000000000000310,-9.0491378,"{""type"":""Point"",""coordinates"":[-48.70693025262936,-25.416697640599367]}"
000000000000000002b4,-9.0020734,"{""type"":""Point"",""coordinates"":[-48.70733603082523,-25.41607336645189]}"
00000000000000000185,-8.9932083,"{""type"":""Point"",""coordinates"":[-48.7085355290086,-25.41573001567077]}"
0000000000000000032e,-8.978458404541016,"{""type"":""Point"",""coordinates"":[-48.70682769330513,-25.416876004641505]}"
00000000000000000301,-8.9526291,"{""type"":""Point"",""coordinates"":[-48.70693917083147,-25.416247271392972]}"
0000000000000000029b,-8.947858810424805,"{""type"":""Point"",""coordinates"":[-48.70742075374524,-25.416884922843618]}"
00000000000000000345,-8.946794509887695,"{""type"":""Point"",""coordinates"":[-48.7067251339809,-25.416965186662576]}"
000000000000000002f7,-8.9226984,"{""type"":""Point"",""coordinates"":[-48.70702835285253,-25.416697640599367]}"
00000000000000000188,-8.9107917,"{""type"":""Point"",""coordinates"":[-48.7085444472107,-25.415368828485438]}"
000000000000000001c9,-8.907525062561035,"{""type"":""Point"",""coordinates"":[-48.70824122833907,-25.41563637454865]}"
00000000000000000315,-8.9053777,"{""type"":""Point"",""coordinates"":[-48.706925793528306,-25.416876004641505]}"
00000000000000000311,-8.8918571,"{""type"":""Point"",""coordinates"":[-48.70692579352831,-25.416786822620438]}"
000000000000000003c3,-8.8911049,"{""type"":""Point"",""coordinates"":[-48.70623017376397,-25.416777904418332]}"
00000000000000000210,-8.8902563,"{""type"":""Point"",""coordinates"":[-48.70792909126533,-25.416349830717202]}"
0000000000000000015b,-8.887125968933105,"{""type"":""Point"",""coordinates"":[-48.70874064765706,-25.41537328758649]}"
000000000000000001db,-8.8699843,"{""type"":""Point"",""coordinates"":[-48.708232310136964,-25.41599756173398]}"
0000000000000000016a,-8.8337275,"{""type"":""Point"",""coordinates"":[-48.708638088332826,-25.415640833649704]}"
00000000000000000183,-8.8248133,"{""type"":""Point"",""coordinates"":[-48.70853552900861,-25.41581919769184]}"
000000000000000001ab,-8.8233607,"{""type"":""Point"",""coordinates"":[-48.708432969684374,-25.415997561733974]}"
000000000000000002df,-8.8175619,"{""type"":""Point"",""coordinates"":[-48.707126453075716,-25.416702099700423]}"
00000000000000000237,-8.8155661,"{""type"":""Point"",""coordinates"":[-48.7078265319411,-25.41653265386039]}"
0000000000000000032d,-8.814253807067871,"{""type"":""Point"",""coordinates"":[-48.70682323420408,-25.416965186662576]}"
000000000000000003dd,-8.8011982,"{""type"":""Point"",""coordinates"":[-48.70613207354079,-25.416867086439403]}"
000000000000000001b3,-8.7962208,"{""type"":""Point"",""coordinates"":[-48.7083437876633,-25.41545355140546]}"
00000000000000000133,-8.7941083,"{""type"":""Point"",""coordinates"":[-48.70894576630552,-25.415194923544355]}"
000000000000000001c3,-8.7889402,"{""type"":""Point"",""coordinates"":[-48.7083348694612,-25.415997561733978]}"
000000000000000001f2,-8.7830351,"{""type"":""Point"",""coordinates"":[-48.708129750812745,-25.416175925776116]}"
00000000000000000155,-8.7787066,"{""type"":""Point"",""coordinates"":[-48.70874064765705,-25.41546246960757]}"
000000000000000002f8,-8.7735785,"{""type"":""Point"",""coordinates"":[-48.70702835285254,-25.41679128172149]}"
00000000000000000148,-8.7557021,"{""type"":""Point"",""coordinates"":[-48.70884766608234,-25.415194923544355]}"
000000000000000002c7,-8.7171214,"{""type"":""Point"",""coordinates"":[-48.707224553298886,-25.41679128172149]}"
000000000000000002fc,-8.7151182,"{""type"":""Point"",""coordinates"":[-48.70702389375148,-25.41688046374256]}"
00000000000000000145,-8.6979999,"{""type"":""Point"",""coordinates"":[-48.708843206981285,-25.41528410556543]}"
000000000000000002b3,-8.6837968,"{""type"":""Point"",""coordinates"":[-48.70732265352206,-25.416884922843618]}"
00000000000000000314,-8.6817135,"{""type"":""Point"",""coordinates"":[-48.70692579352831,-25.416969645763633]}"
000000000000000002cc,-8.6796564,"{""type"":""Point"",""coordinates"":[-48.707237930602055,-25.416068907350834]}"
000000000000000001e1,-8.6745476,"{""type"":""Point"",""coordinates"":[-48.70814312811591,-25.415631915447594]}"
000000000000000002e0,-8.668441772460938,"{""type"":""Point"",""coordinates"":[-48.70712645307571,-25.41679128172149]}"
000000000000000001dc,-8.6483283,"{""type"":""Point"",""coordinates"":[-48.708232310136964,-25.416086743755045]}"
0000000000000000015a,-8.6458164,"{""type"":""Point"",""coordinates"":[-48.7087451067581,-25.41527964646437]}"
00000000000000000261,-8.640974044799805,"{""type"":""Point"",""coordinates"":[-48.70764370879791,-25.41571663836761]}"
00000000000000000281,-8.6132771,"{""type"":""Point"",""coordinates"":[-48.70752777217052,-25.416617376780408]}"
00000000000000000130,-8.6110603,"{""type"":""Point"",""coordinates"":[-48.70894130720447,-25.41528410556543]}"
0000000000000000011f,-8.6092075,"{""type"":""Point"",""coordinates"":[-48.70904386652869,-25.415194923544355]}"
00000000000000000146,-8.6091953,"{""type"":""Point"",""coordinates"":[-48.708843206981285,-25.41537328758649]}"
00000000000000000184,-8.5611042,"{""type"":""Point"",""coordinates"":[-48.7085355290086,-25.415908379712914]}"
00000000000000000153,-8.5605332,"{""type"":""Point"",""coordinates"":[-48.70874064765706,-25.415551651628633]}"
000000000000000001ac,-8.5556057,"{""type"":""Point"",""coordinates"":[-48.708432969684374,-25.416086743755045]}"
000000000000000001c8,-8.5539227,"{""type"":""Point"",""coordinates"":[-48.70824122833907,-25.41554273342653]}"
00000000000000000375,-8.5515856,"{""type"":""Point"",""coordinates"":[-48.706533392635606,-25.416510358355126]}"
000000000000000002fb,-8.5491729,"{""type"":""Point"",""coordinates"":[-48.70702389375148,-25.41696964576363]}"
000000000000000001c4,-8.5353182,"{""type"":""Point"",""coordinates"":[-48.70833041036014,-25.41608674375504]}"
0000000000000000016e,-8.5281379,"{""type"":""Point"",""coordinates"":[-48.708638088332826,-25.41573001567077]}"
000000000000000003f4,-8.5274271,"{""type"":""Point"",""coordinates"":[-48.70602951421656,-25.416956268460467]}"
00000000000000000141,-8.5015373,"{""type"":""Point"",""coordinates"":[-48.708838747880236,-25.41546246960757]}"
000000000000000002e4,-8.4980193,"{""type"":""Point"",""coordinates"":[-48.70712199397465,-25.41688046374256]}"
0000000000000000026a,-8.4852397,"{""type"":""Point"",""coordinates"":[-48.7076258723937,-25.416617376780408]}"
000000000000000001f9,-8.4785923,"{""type"":""Point"",""coordinates"":[-48.70804056879167,-25.415631915447594]}"
000000000000000003a6,-8.4767284,"{""type"":""Point"",""coordinates"":[-48.706332733088196,-25.41668872239726]}"
0000000000000000027f,-8.4605993,"{""type"":""Point"",""coordinates"":[-48.707523313069466,-25.416795740822547]}"
000000000000000001f7,-8.4543357,"{""type"":""Point"",""coordinates"":[-48.708027191488505,-25.416354289818255]}"
00000000000000000170,-8.4370199,"{""type"":""Point"",""coordinates"":[-48.70864700653494,-25.41527964646437]}"
0000000000000000015d,-8.4362957,"{""type"":""Point"",""coordinates"":[-48.7087451067581,-25.415190464443302]}"
00000000000000000283,-8.4319932,"{""type"":""Point"",""coordinates"":[-48.70752331306946,-25.416884922843618]}"
0000000000000000011e,-8.4284322,"{""type"":""Point"",""coordinates"":[-48.70904386652869,-25.415105741523288]}"
0000000000000000011c,-8.4225572,"{""type"":""Point"",""coordinates"":[-48.70904386652869,-25.41528410556543]}"
00000000000000000154,-8.4097058,"{""type"":""Point"",""coordinates"":[-48.708736188556,-25.415640833649704]}"
00000000000000000131,-8.4062941,"{""type"":""Point"",""coordinates"":[-48.70894130720446,-25.41537328758649]}"
000000000000000002e3,-8.4000648,"{""type"":""Point"",""coordinates"":[-48.70712199397466,-25.416969645763633]}"
000000000000000001da,-8.3950071,"{""type"":""Point"",""coordinates"":[-48.708232310136964,-25.416175925776116]}"
000000000000000002cb,-8.3928828,"{""type"":""Point"",""coordinates"":[-48.70722455329888,-25.41688046374256]}"
000000000000000001a0,-8.3925122,"{""type"":""Point"",""coordinates"":[-48.708446346987536,-25.415368828485438]}"
0000000000000000010b,-8.3674739,"{""type"":""Point"",""coordinates"":[-48.70914196675186,-25.415199382645415]}"
00000000000000000132,-8.356097221374512,"{""type"":""Point"",""coordinates"":[-48.70894576630552,-25.415105741523288]}"
000000000000000001de,-8.3430719,"{""type"":""Point"",""coordinates"":[-48.708129750812745,-25.416265107797184]}"
0000000000000000013f,-8.3387881,"{""type"":""Point"",""coordinates"":[-48.708838747880236,-25.415551651628633]}"
000000000000000001aa,-8.3298677,"{""type"":""Point"",""coordinates"":[-48.70842851058332,-25.416180384877165]}"
0000000000000000020e,-8.3169812,"{""type"":""Point"",""coordinates"":[-48.70792909126533,-25.41644347183932]}"
0000000000000000016c,-8.2861526,"{""type"":""Point"",""coordinates"":[-48.70863362923178,-25.415819197691835]}"
00000000000000000193,-8.2814042,"{""type"":""Point"",""coordinates"":[-48.708531069907544,-25.41600202083503]}"
000000000000000002ca,-8.2675243,"{""type"":""Point"",""coordinates"":[-48.70722009419783,-25.416974104864682]}"
00000000000000000108,-8.2634218,"{""type"":""Point"",""coordinates"":[-48.709141966751865,-25.415288564666476]}"
000000000000000001c2,-8.262638092041016,"{""type"":""Point"",""coordinates"":[-48.70833041036014,-25.416175925776116]}"
0000000000000000011d,-8.2621653,"{""type"":""Point"",""coordinates"":[-48.709039407427646,-25.415377746687547]}"
0000000000000000012c,-8.2430856,"{""type"":""Point"",""coordinates"":[-48.70894130720446,-25.415466928708618]}"
000000000000000003dc,-8.237918853759766,"{""type"":""Point"",""coordinates"":[-48.7061320735408,-25.416773445317276]}"
000000000000000002b2,-8.2186406,"{""type"":""Point"",""coordinates"":[-48.70732265352206,-25.416974104864682]}"
00000000000000000158,-8.2075844,"{""type"":""Point"",""coordinates"":[-48.708736188556,-25.415734474771824]}"
0000000000000000016d,-8.200738906860352,"{""type"":""Point"",""coordinates"":[-48.70863362923178,-25.415912838813963]}"
000000000000000001cb,-8.1947719,"{""type"":""Point"",""coordinates"":[-48.708245687440126,-25.415453551405456]}"
0000000000000000022a,-8.1871658,"{""type"":""Point"",""coordinates"":[-48.70784436834531,-25.415627456346545]}"
000000000000000003bf,-8.1866703,"{""type"":""Point"",""coordinates"":[-48.706234632865026,-25.416684263296208]}"
000000000000000001c6,-8.1843168,"{""type"":""Point"",""coordinates"":[-48.708227851035915,-25.416265107797184]}"
0000000000000000017b,-8.1566437,"{""type"":""Point"",""coordinates"":[-48.70863362923178,-25.41600202083503]}"
00000000000000000212,-8.1439656,"{""type"":""Point"",""coordinates"":[-48.70794246856849,-25.415631915447594]}"
000000000000000002b6,-8.132694244384766,"{""type"":""Point"",""coordinates"":[-48.707340489926274,-25.415979725329763]}"
00000000000000000109,-8.1119563,"{""type"":""Point"",""coordinates"":[-48.70914196675186,-25.415377746687547]}"
000000000000000002fe,-8.102319717407227,"{""type"":""Point"",""coordinates"":[-48.70703727105465,-25.4161580893719]}"
00000000000000000196,-8.0829458,"{""type"":""Point"",""coordinates"":[-48.70842851058332,-25.416269566898233]}"
00000000000000000278,-8.0780386,"{""type"":""Point"",""coordinates"":[-48.70754560857473,-25.415712179266556]}"
00000000000000000118,-8.0671669,"{""type"":""Point"",""coordinates"":[-48.70903940742764,-25.415466928708618]}"
000000000000000001e0,-8.0566184,"{""type"":""Point"",""coordinates"":[-48.70814312811591,-25.41554273342653]}"
0000000000000000012a,-8.0516077,"{""type"":""Point"",""coordinates"":[-48.708936848103406,-25.415556110729685]}"
00000000000000000243,-8.0509961,"{""type"":""Point"",""coordinates"":[-48.70774626812214,-25.41562745634654]}"
00000000000000000156,-8.0493041,"{""type"":""Point"",""coordinates"":[-48.708736188556,-25.41582365679289]}"
00000000000000000187,-8.0331814,"{""type"":""Point"",""coordinates"":[-48.7085444472107,-25.41527964646437]}"
00000000000000000251,-8.0326606,"{""type"":""Point"",""coordinates"":[-48.70772397261688,-25.416617376780408]}"
00000000000000000140,-8.0249198,"{""type"":""Point"",""coordinates"":[-48.70883874788024,-25.415645292750757]}"
00000000000000000147,-8.0245576,"{""type"":""Point"",""coordinates"":[-48.70884766608234,-25.41510128242224]}"
000000000000000003f7,-8.0058956,"{""type"":""Point"",""coordinates"":[-48.70602951421656,-25.41686262733835]}"
00000000000000000197,-7.9781063,"{""type"":""Point"",""coordinates"":[-48.70842405148226,-25.416358748919308]}"
000000000000000001b2,-7.9741315,"{""type"":""Point"",""coordinates"":[-48.7083437876633,-25.415364369384392]}"
0000000000000000027e,-7.9638075,"{""type"":""Point"",""coordinates"":[-48.707523313069466,-25.416706558801476]}"
0000000000000000040e,-7.9599562,"{""type"":""Point"",""coordinates"":[-48.70593141399338,-25.416951809359414]}"
0000000000000000028e,-7.959369659423828,"{""type"":""Point"",""coordinates"":[-48.707443049250514,-25.415801361287624]}"
00000000000000000104,-7.9540775,"{""type"":""Point"",""coordinates"":[-48.709137507650816,-25.415466928708618]}"
00000000000000000157,-7.9410445,"{""type"":""Point"",""coordinates"":[-48.708731729454946,-25.415912838813966]}"
00000000000000000267,-7.9405718,"{""type"":""Point"",""coordinates"":[-48.7076258723937,-25.416706558801476]}"
000000000000000000f8,-7.9372261,"{""type"":""Point"",""coordinates"":[-48.7092445260761,-25.415199382645415]}"
00000000000000000268,-7.9345686,"{""type"":""Point"",""coordinates"":[-48.70762141329264,-25.416800199923596]}"
000000000000000001ae,-7.9305876,"{""type"":""Point"",""coordinates"":[-48.70833041036014,-25.416269566898233]}"
0000000000000000031a,-7.9278997,"{""type"":""Point"",""coordinates"":[-48.706836611507235,-25.41624281229192]}"
00000000000000000116,-7.9139369,"{""type"":""Point"",""coordinates"":[-48.70903940742764,-25.415556110729685]}"
0000000000000000024e,-7.8902769,"{""type"":""Point"",""coordinates"":[-48.707723972616876,-25.416711017902525]}"
0000000000000000026c,-7.8860907554626465,"{""type"":""Point"",""coordinates"":[-48.707621413292635,-25.41688938194467]}"
000000000000000001c7,-7.8791446,"{""type"":""Point"",""coordinates"":[-48.708227851035915,-25.416358748919308]}"
000000000000000000f5,-7.8661765,"{""type"":""Point"",""coordinates"":[-48.70924006697504,-25.415288564666476]}"
00000000000000000194,-7.8391736,"{""type"":""Point"",""coordinates"":[-48.708531069907544,-25.416091202856098]}"
000000000000000001df,-7.8386949,"{""type"":""Point"",""coordinates"":[-48.708129750812745,-25.416354289818255]}"
00000000000000000102,-7.833946228027344,"{""type"":""Point"",""coordinates"":[-48.709137507650816,-25.41556056983074]}"
000000000000000002e5,-7.8269089,"{""type"":""Point"",""coordinates"":[-48.70713983037888,-25.416068907350834]}"
00000000000000000173,-7.8164588,"{""type"":""Point"",""coordinates"":[-48.708647006534946,-25.4151904644433]}"
00000000000000000164,-7.7979119,"{""type"":""Point"",""coordinates"":[-48.70873172945495,-25.41600202083503]}"
0000000000000000010a,-7.7808419,"{""type"":""Point"",""coordinates"":[-48.70914642585292,-25.415105741523288]}"
00000000000000000334,-7.7675674,"{""type"":""Point"",""coordinates"":[-48.70673851128405,-25.416331994312987]}"
000000000000000000f6,-7.7660896,"{""type"":""Point"",""coordinates"":[-48.70924006697504,-25.415377746687547]}"
0000000000000000020d,-7.7604376,"{""type"":""Point"",""coordinates"":[-48.708027191488505,-25.41644347183932]}"
00000000000000000144,-7.7533263,"{""type"":""Point"",""coordinates"":[-48.70883428877918,-25.41573447477182]}"
00000000000000000117,-7.7520398,"{""type"":""Point"",""coordinates"":[-48.70903494832658,-25.415645292750757]}"
0000000000000000012b,-7.7503316,"{""type"":""Point"",""coordinates"":[-48.708936848103406,-25.415645292750757]}"
00000000000000000103,-7.698857307434082,"{""type"":""Point"",""coordinates"":[-48.70913304854976,-25.415649751851806]}"
000000000000000002ce,-7.6786355,"{""type"":""Point"",""coordinates"":[-48.7072423897031,-25.415979725329766]}"
0000000000000000021e,-7.6769481,"{""type"":""Point"",""coordinates"":[-48.70792463216428,-25.41653265386039]}"
0000000000000000017c,-7.6685298,"{""type"":""Point"",""coordinates"":[-48.70862917013071,-25.416091202856098]}"
000000000000000000e5,-7.6596623,"{""type"":""Point"",""coordinates"":[-48.70934262629927,-25.41519938264542]}"
000000000000000001f8,-7.6408796310424805,"{""type"":""Point"",""coordinates"":[-48.708045027892716,-25.41554273342653]}"
000000000000000000f1,-7.623666763305664,"{""type"":""Point"",""coordinates"":[-48.70924006697504,-25.41547138780967]}"
00000000000000000143,-7.613484859466553,"{""type"":""Point"",""coordinates"":[-48.70882982967813,-25.415912838813963]}"
000000000000000002a7,-7.6125551,"{""type"":""Point"",""coordinates"":[-48.707340489926274,-25.415890543308695]}"
0000000000000000029a,-7.6068232,"{""type"":""Point"",""coordinates"":[-48.70742075374523,-25.416974104864686]}"
0000000000000000019f,-7.6000763,"{""type"":""Point"",""coordinates"":[-48.70844634698753,-25.415275187363317]}"
000000000000000001af,-7.5826023,"{""type"":""Point"",""coordinates"":[-48.7083259512591,-25.41635874891931]}"
00000000000000000238,-7.5793822,"{""type"":""Point"",""coordinates"":[-48.7078265319411,-25.41662183588146]}"
000000000000000001e3,-7.551558494567871,"{""type"":""Point"",""coordinates"":[-48.70814312811591,-25.415453551405456]}"
000000000000000003d8,-7.5411131,"{""type"":""Point"",""coordinates"":[-48.70613207354079,-25.41668426329621]}"
00000000000000000142,-7.5150998,"{""type"":""Point"",""coordinates"":[-48.70883428877918,-25.415823656792888]}"
000000000000000000e2,-7.50990629196167,"{""type"":""Point"",""coordinates"":[-48.70934262629927,-25.415288564666476]}"
00000000000000000159,-7.4946376,"{""type"":""Point"",""coordinates"":[-48.708749565859165,-25.41501210040117]}"
0000000000000000012f,-7.4933648109436035,"{""type"":""Point"",""coordinates"":[-48.708936848103406,-25.41573447477182]}"
0000000000000000014e,-7.4888718,"{""type"":""Point"",""coordinates"":[-48.70882982967813,-25.416006479936087]}"
0000000000000000025c,-7.4859093,"{""type"":""Point"",""coordinates"":[-48.70764370879791,-25.41562745634654]}"
0000000000000000011b,-7.4708296,"{""type"":""Point"",""coordinates"":[-48.70903494832659,-25.415738933872877]}"
0000000000000000015c,-7.4698864,"{""type"":""Point"",""coordinates"":[-48.708749565859165,-25.41510128242224]}"
00000000000000000107,-7.4621701,"{""type"":""Point"",""coordinates"":[-48.70913304854976,-25.415738933872877]}"
0000000000000000038f,-7.4595136642456055,"{""type"":""Point"",""coordinates"":[-48.70643529241243,-25.416599540376197]}"
000000000000000000ef,-7.4593484,"{""type"":""Point"",""coordinates"":[-48.709235607874,-25.41556056983074]}"
00000000000000000165,-7.4502817,"{""type"":""Point"",""coordinates"":[-48.708727270353904,-25.416095661957154]}"
00000000000000000192,-7.4479056,"{""type"":""Point"",""coordinates"":[-48.708526610806494,-25.416180384877165]}"
000000000000000001f5,-7.4402534,"{""type"":""Point"",""coordinates"":[-48.70812529171168,-25.41644347183932]}"
000000000000000003f6,-7.428788661956787,"{""type"":""Point"",""coordinates"":[-48.70603397331761,-25.416773445317276]}"
000000000000000000f7,-7.416618824005127,"{""type"":""Point"",""coordinates"":[-48.70924452607609,-25.415110200624344]}"
00000000000000000428,-7.4035388,"{""type"":""Point"",""coordinates"":[-48.70582885466916,-25.416951809359414]}"
000000000000000001dd,-7.363031387329102,"{""type"":""Point"",""coordinates"":[-48.70822339193486,-25.416447930940375]}"
0000000000000000012d,-7.353312015533447,"{""type"":""Point"",""coordinates"":[-48.708932389002356,-25.415828115893945]}"
0000000000000000024f,-7.3427839279174805,"{""type"":""Point"",""coordinates"":[-48.707723972616876,-25.416800199923596]}"
00000000000000000290,-7.3408307,"{""type"":""Point"",""coordinates"":[-48.70744304925051,-25.415712179266556]}"
000000000000000003a8,-7.3291886,"{""type"":""Point"",""coordinates"":[-48.7063327330882,-25.416599540376197]}"
000000000000000000f0,-7.3243363,"{""type"":""Point"",""coordinates"":[-48.709235607874,-25.41564975185181]}"
000000000000000000e3,-7.3181056,"{""type"":""Point"",""coordinates"":[-48.70933816719821,-25.415382205788603]}"
000000000000000000d3,-7.2975123,"{""type"":""Point"",""coordinates"":[-48.70944072652246,-25.415203841746465]}"
00000000000000000235,-7.2958095,"{""type"":""Point"",""coordinates"":[-48.707822072840045,-25.416711017902525]}"
0000000000000000034b,-7.2951652,"{""type"":""Point"",""coordinates"":[-48.706635951959825,-25.416421176334055]}"
000000000000000001b8,-7.2852478,"{""type"":""Point"",""coordinates"":[-48.70834824676435,-25.41527518736332]}"
0000000000000000016f,-7.278716564178467,"{""type"":""Point"",""coordinates"":[-48.70865146563598,-25.41500764130011]}"
0000000000000000018a,-7.2564075,"{""type"":""Point"",""coordinates"":[-48.70854890631176,-25.41518600534225]}"
000000000000000000e4,-7.2553348,"{""type"":""Point"",""coordinates"":[-48.70934262629927,-25.415110200624344]}"
0000000000000000021f,-7.2515179,"{""type"":""Point"",""coordinates"":[-48.70792463216428,-25.41662183588146]}"
00000000000000000172,-7.2375458,"{""type"":""Point"",""coordinates"":[-48.70864700653494,-25.415101282422235]}"
00000000000000000211,-7.237132549285889,"{""type"":""Point"",""coordinates"":[-48.70794246856849,-25.415538274325478]}"
00000000000000000282,-7.2261247634887695,"{""type"":""Point"",""coordinates"":[-48.707518853968416,-25.416978563965735]}"
000000000000000001ad,-7.2217488288879395,"{""type"":""Point"",""coordinates"":[-48.70842405148227,-25.416447930940375]}"
000000000000000001ca,-7.2190168,"{""type"":""Point"",""coordinates"":[-48.708245687440126,-25.41536436938439]}"
0000000000000000012e,-7.2092536,"{""type"":""Point"",""coordinates"":[-48.708932389002356,-25.41591729791502]}"
000000000000000003c1,-7.198863506317139,"{""type"":""Point"",""coordinates"":[-48.70623463286502,-25.41659508127514]}"
0000000000000000017a,-7.185964107513428,"{""type"":""Point"",""coordinates"":[-48.70862917013071,-25.416180384877165]}"
00000000000000000119,-7.1741374,"{""type"":""Point"",""coordinates"":[-48.70903048922553,-25.415828115893948]}"
0000000000000000014f,-7.1624652,"{""type"":""Point"",""coordinates"":[-48.70882982967813,-25.416095661957158]}"
000000000000000000de,-7.1609887,"{""type"":""Point"",""coordinates"":[-48.70933816719822,-25.41547138780967]}"
00000000000000000273,-7.1312761306762695,"{""type"":""Point"",""coordinates"":[-48.70754560857473,-25.415622997245485]}"
000000000000000000d2,-7.0840407,"{""type"":""Point"",""coordinates"":[-48.70944518562351,-25.415110200624344]}"
000000000000000000d0,-7.0714203,"{""type"":""Point"",""coordinates"":[-48.70944072652246,-25.415293023767532]}"
00000000000000000186,-7.062795639038086,"{""type"":""Point"",""coordinates"":[-48.70854890631176,-25.41500764130011]}"
000000000000000000f4,-7.058279514312744,"{""type"":""Point"",""coordinates"":[-48.709231148772936,-25.415738933872877]}"
000000000000000000dc,-7.0427633,"{""type"":""Point"",""coordinates"":[-48.70933370809716,-25.41556056983074]}"
000000000000000001fb,-7.0293457,"{""type"":""Point"",""coordinates"":[-48.708045027892716,-25.415449092304403]}"
00000000000000000189,-7.022035121917725,"{""type"":""Point"",""coordinates"":[-48.70854890631176,-25.415096823321186]}"
00000000000000000411,-7.0153557,"{""type"":""Point"",""coordinates"":[-48.70593141399338,-25.41686262733835]}"
000000000000000003da,-6.983346462249756,"{""type"":""Point"",""coordinates"":[-48.70613653264184,-25.41659508127514]}"
00000000000000000105,-6.9625987,"{""type"":""Point"",""coordinates"":[-48.70913304854976,-25.415828115893945]}"
0000000000000000017e,-6.962179183959961,"{""type"":""Point"",""coordinates"":[-48.708526610806494,-25.416269566898233]}"
00000000000000000163,-6.9615696,"{""type"":""Point"",""coordinates"":[-48.7087272703539,-25.416184843978222]}"
00000000000000000205,-6.9477033,"{""type"":""Point"",""coordinates"":[-48.708027191488505,-25.41653265386039]}"
00000000000000000139,-6.9429641,"{""type"":""Point"",""coordinates"":[-48.70892792990131,-25.416006479936083]}"
000000000000000001ed,-6.925069332122803,"{""type"":""Point"",""coordinates"":[-48.70812529171168,-25.416537112961443]}"
000000000000000003f1,-6.90673303604126,"{""type"":""Point"",""coordinates"":[-48.706033973317616,-25.41668426329621]}"
000000000000000001e2,-6.900374412536621,"{""type"":""Point"",""coordinates"":[-48.708147587216956,-25.415364369384392]}"
000000000000000001c5,-6.8881081,"{""type"":""Point"",""coordinates"":[-48.70832595125909,-25.416447930940375]}"
000000000000000000dd,-6.8843897,"{""type"":""Point"",""coordinates"":[-48.70933370809716,-25.41564975185181]}"
0000000000000000019e,-6.880596160888672,"{""type"":""Point"",""coordinates"":[-48.708450806088585,-25.41500764130011]}"
000000000000000002fd,-6.8798642,"{""type"":""Point"",""coordinates"":[-48.7070417301557,-25.416068907350834]}"
00000000000000000254,-6.8637277,"{""type"":""Point"",""coordinates"":[-48.70771951351582,-25.416889381944667]}"
0000000000000000011a,-6.859320640563965,"{""type"":""Point"",""coordinates"":[-48.70903048922553,-25.41591729791502]}"
0000000000000000034d,-6.8495742,"{""type"":""Point"",""coordinates"":[-48.706635951959825,-25.416331994312987]}"
000000000000000001a2,-6.8297812,"{""type"":""Point"",""coordinates"":[-48.708446346987536,-25.41518600534225]}"
00000000000000000317,-6.8293007,"{""type"":""Point"",""coordinates"":[-48.706939170831475,-25.4161580893719]}"
000000000000000001d0,-6.8213513,"{""type"":""Point"",""coordinates"":[-48.708245687440126,-25.415275187363317]}"
00000000000000000236,-6.8167533,"{""type"":""Point"",""coordinates"":[-48.707822072840045,-25.416800199923596]}"
0000000000000000026b,-6.8144739,"{""type"":""Point"",""coordinates"":[-48.70762141329264,-25.416978563965735]}"
000000000000000000d1,-6.8123068,"{""type"":""Point"",""coordinates"":[-48.709436267421395,-25.415382205788603]}"
000000000000000000c1,-6.7973736,"{""type"":""Point"",""coordinates"":[-48.709543285846685,-25.415203841746465]}"
000000000000000001a1,-6.7862837,"{""type"":""Point"",""coordinates"":[-48.708450806088585,-25.415096823321186]}"
000000000000000001d5,-6.7731877,"{""type"":""Point"",""coordinates"":[-48.70822339193486,-25.416537112961443]}"
0000000000000000013a,-6.7706172,"{""type"":""Point"",""coordinates"":[-48.7089279299013,-25.416095661957154]}"
0000000000000000021c,-6.7697788,"{""type"":""Point"",""coordinates"":[-48.70792463216428,-25.41671101790252]}"
000000000000000000c0,-6.7463387,"{""type"":""Point"",""coordinates"":[-48.709543285846685,-25.415114659725397]}"
0000000000000000014d,-6.7382857,"{""type"":""Point"",""coordinates"":[-48.70882537057707,-25.416184843978225]}"
00000000000000000167,-6.7158589363098145,"{""type"":""Point"",""coordinates"":[-48.70862471102967,-25.416274025999293]}"
00000000000000000442,-6.6881696,"{""type"":""Point"",""coordinates"":[-48.70573075444597,-25.41694735025836]}"
0000000000000000028b,-6.6718908,"{""type"":""Point"",""coordinates"":[-48.70744750835155,-25.415622997245485]}"
00000000000000000229,-6.670252323150635,"{""type"":""Point"",""coordinates"":[-48.70784436834531,-25.415538274325478]}"
000000000000000001fa,-6.6414938,"{""type"":""Point"",""coordinates"":[-48.70804948699377,-25.415359910283332]}"
000000000000000001b7,-6.6376849,"{""type"":""Point"",""coordinates"":[-48.7083527058654,-25.41500318219906]}"
00000000000000000214,-6.632499694824219,"{""type"":""Point"",""coordinates"":[-48.707946927669546,-25.415449092304403]}"
000000000000000002bf,-6.6289861,"{""type"":""Point"",""coordinates"":[-48.7072423897031,-25.415890543308695]}"
000000000000000000e1,-6.6085966,"{""type"":""Point"",""coordinates"":[-48.70933370809717,-25.415743392973926]}"
00000000000000000410,-6.6081089,"{""type"":""Point"",""coordinates"":[-48.70593141399339,-25.41677344531728]}"
000000000000000001b9,-6.6048059,"{""type"":""Point"",""coordinates"":[-48.70835270586541,-25.415096823321186]}"
000000000000000000b0,-6.6035479,"{""type"":""Point"",""coordinates"":[-48.70964138606986,-25.415203841746465]}"
000000000000000000cc,-6.5897028,"{""type"":""Point"",""coordinates"":[-48.70943626742139,-25.41547138780967]}"
000000000000000000f2,-6.5842938,"{""type"":""Point"",""coordinates"":[-48.709231148772936,-25.415832574995]}"
000000000000000000be,-6.568704128265381,"{""type"":""Point"",""coordinates"":[-48.70953882674563,-25.41529302376753]}"
000000000000000001ba,-6.559337615966797,"{""type"":""Point"",""coordinates"":[-48.70834824676435,-25.41518600534225]}"
0000000000000000017f,-6.5581505,"{""type"":""Point"",""coordinates"":[-48.708526610806494,-25.41636320802036]}"
00000000000000000151,-6.538763999938965,"{""type"":""Point"",""coordinates"":[-48.7087272703539,-25.41627402599929]}"
000000000000000001e8,-6.526418209075928,"{""type"":""Point"",""coordinates"":[-48.708147587216956,-25.415270728262264]}"
00000000000000000124,-6.4984359,"{""type"":""Point"",""coordinates"":[-48.70903048922553,-25.416006479936083]}"
000000000000000000af,-6.4872935,"{""type"":""Point"",""coordinates"":[-48.70964138606986,-25.415114659725397]}"
000000000000000001a5,-6.4802189,"{""type"":""Point"",""coordinates"":[-48.70842405148227,-25.4165415720625]}"
000000000000000000ca,-6.4748092,"{""type"":""Point"",""coordinates"":[-48.709436267421395,-25.415565028931795]}"
00000000000000000138,-6.4687909,"{""type"":""Point"",""coordinates"":[-48.7089279299013,-25.416184843978222]}"
00000000000000000333,-6.4656272,"{""type"":""Point"",""coordinates"":[-48.70673851128406,-25.416242812291916]}"
0000000000000000009f,-6.4634135,"{""type"":""Point"",""coordinates"":[-48.70973948629304,-25.415208300847517]}"
0000000000000000038e,-6.4554163,"{""type"":""Point"",""coordinates"":[-48.70643529241243,-25.416510358355122]}"
00000000000000000252,-6.4408847,"{""type"":""Point"",""coordinates"":[-48.70771951351582,-25.416978563965735]}"
000000000000000001d1,-6.4308836,"{""type"":""Point"",""coordinates"":[-48.70825014654118,-25.415092364220133]}"
000000000000000001ee,-6.4293798,"{""type"":""Point"",""coordinates"":[-48.70812083261064,-25.416626294982514]}"
000000000000000001cf,-6.4217639,"{""type"":""Point"",""coordinates"":[-48.70825460564223,-25.415003182199058]}"
00000000000000000213,-6.4216509,"{""type"":""Point"",""coordinates"":[-48.707946927669546,-25.415359910283332]}"
000000000000000000cb,-6.4080318,"{""type"":""Point"",""coordinates"":[-48.70943180832034,-25.41565421095286]}"
000000000000000001d2,-6.3806592,"{""type"":""Point"",""coordinates"":[-48.70825014654118,-25.415181546241197]}"
0000000000000000022c,-6.3723439,"{""type"":""Point"",""coordinates"":[-48.70784882744636,-25.415449092304403]}"
00000000000000000106,-6.3607453,"{""type"":""Point"",""coordinates"":[-48.70912858944871,-25.415917297915012]}"
00000000000000000364,-6.3604254,"{""type"":""Point"",""coordinates"":[-48.70653785173666,-25.416421176334055]}"
00000000000000000242,-6.3571988,"{""type"":""Point"",""coordinates"":[-48.70774626812214,-25.415538274325474]}"
000000000000000002a6,-6.3371333,"{""type"":""Point"",""coordinates"":[-48.70734494902733,-25.415801361287624]}"
000000000000000002e7,-6.332592010498047,"{""type"":""Point"",""coordinates"":[-48.70713983037888,-25.415979725329766]}"
000000000000000003a7,-6.3250912,"{""type"":""Point"",""coordinates"":[-48.70633719218925,-25.41650589925407]}"
00000000000000000168,-6.317678451538086,"{""type"":""Point"",""coordinates"":[-48.70862471102967,-25.41636320802036]}"
000000000000000000ad,-6.317220211029053,"{""type"":""Point"",""coordinates"":[-48.7096369269688,-25.41529748286858]}"
000000000000000000bf,-6.3107078,"{""type"":""Point"",""coordinates"":[-48.70953882674563,-25.415382205788603]}"
000000000000000003f3,-6.2973426,"{""type"":""Point"",""coordinates"":[-48.706038432418666,-25.41659508127514]}"
00000000000000000200,-6.2936027,"{""type"":""Point"",""coordinates"":[-48.70804948699377,-25.415270728262264]}"
0000000000000000021d,-6.2907225,"{""type"":""Point"",""coordinates"":[-48.70792017306322,-25.416804659024653]}"
0000000000000000013d,-6.2714207,"{""type"":""Point"",""coordinates"":[-48.70882537057707,-25.41627402599929]}"
00000000000000000206,-6.2696455,"{""type"":""Point"",""coordinates"":[-48.70802273238746,-25.416626294982514]}"
0000000000000000023b,-6.269260406494141,"{""type"":""Point"",""coordinates"":[-48.707817613738996,-25.41689384104572]}"
000000000000000001bd,-6.2646159,"{""type"":""Point"",""coordinates"":[-48.708321492158035,-25.416537112961443]}"
000000000000000001e9,-6.256961345672607,"{""type"":""Point"",""coordinates"":[-48.708152046318006,-25.41509236422013]}"
0000000000000000042b,-6.2440087,"{""type"":""Point"",""coordinates"":[-48.70583331377021,-25.41686262733835]}"
000000000000000000df,-6.2080411,"{""type"":""Point"",""coordinates"":[-48.70932924899612,-25.415832574995]}"
000000000000000001e7,-6.205842971801758,"{""type"":""Point"",""coordinates"":[-48.708152046318006,-25.41500318219906]}"
00000000000000000245,-6.1952954,"{""type"":""Point"",""coordinates"":[-48.707746268122136,-25.415444633203347]}"
00000000000000000125,-6.1826617,"{""type"":""Point"",""coordinates"":[-48.709026030124484,-25.416100121058207]}"
00000000000000000203,-6.177994251251221,"{""type"":""Point"",""coordinates"":[-48.708022732387455,-25.416715477003585]}"
000000000000000001ea,-6.1768445,"{""type"":""Point"",""coordinates"":[-48.708152046318006,-25.415181546241197]}"
0000000000000000022b,-6.1702021,"{""type"":""Point"",""coordinates"":[-48.70784882744637,-25.415359910283335]}"
0000000000000000009d,-6.1662382,"{""type"":""Point"",""coordinates"":[-48.70973948629304,-25.41529748286858]}"
0000000000000000025b,-6.1548942,"{""type"":""Point"",""coordinates"":[-48.70764816789896,-25.415533815224418]}"
00000000000000000219,-6.1443087,"{""type"":""Point"",""coordinates"":[-48.707951386770596,-25.415270728262264]}"
0000000000000000008f,-6.1294378,"{""type"":""Point"",""coordinates"":[-48.70983758651621,-25.415208300847517]}"
00000000000000000316,-6.128953456878662,"{""type"":""Point"",""coordinates"":[-48.706939170831475,-25.416064448249774]}"
000000000000000002a8,-6.11019229888916,"{""type"":""Point"",""coordinates"":[-48.70734494902733,-25.415712179266556]}"
0000000000000000018d,-6.1099471,"{""type"":""Point"",""coordinates"":[-48.708522151705445,-25.4165415720625]}"
000000000000000001d6,-6.1077555,"{""type"":""Point"",""coordinates"":[-48.708223391934865,-25.416626294982514]}"
000000000000000000ba,-6.0717579,"{""type"":""Point"",""coordinates"":[-48.70953436764457,-25.415475846910724]}"
000000000000000002be,-6.0658737,"{""type"":""Point"",""coordinates"":[-48.707242389703104,-25.415801361287624]}"
0000000000000000040b,-6.0635064,"{""type"":""Point"",""coordinates"":[-48.70593587309444,-25.41667980419516]}"
0000000000000000045b,-6.0622001,"{""type"":""Point"",""coordinates"":[-48.7056326542228,-25.41694735025836]}"
0000000000000000025e,-6.0549094,"{""type"":""Point"",""coordinates"":[-48.70764816789897,-25.415444633203347]}"
00000000000000000201,-6.0533024,"{""type"":""Point"",""coordinates"":[-48.70805394609483,-25.415092364220133]}"
00000000000000000272,-6.0527358,"{""type"":""Point"",""coordinates"":[-48.70754560857473,-25.415533815224418]}"
000000000000000003c0,-6.0513237,"{""type"":""Point"",""coordinates"":[-48.706234632865026,-25.41650589925407]}"
00000000000000000244,-6.0449813,"{""type"":""Point"",""coordinates"":[-48.707750727223186,-25.415355451182283]}"
000000000000000000f3,-6.0307365,"{""type"":""Point"",""coordinates"":[-48.709231148772936,-25.415921757016072]}"
00000000000000000202,-6.0239265,"{""type"":""Point"",""coordinates"":[-48.70804948699377,-25.415181546241197]}"
000000000000000000ae,-6.0195659,"{""type"":""Point"",""coordinates"":[-48.7096369269688,-25.415386664889656]}"
000000000000000000cf,-6.0159809,"{""type"":""Point"",""coordinates"":[-48.70943180832034,-25.415743392973926]}"
00000000000000000239,-6.0141774,"{""type"":""Point"",""coordinates"":[-48.707817613738996,-25.41698302306679]}"
00000000000000000152,-6.0028393,"{""type"":""Point"",""coordinates"":[-48.70872281125285,-25.41636320802036]}"
0000000000000000017d,-5.9993195,"{""type"":""Point"",""coordinates"":[-48.70862471102967,-25.41645239004143]}"
00000000000000000110,-5.9890195,"{""type"":""Point"",""coordinates"":[-48.70912858944871,-25.416010939037136]}"
000000000000000000b8,-5.9812739,"{""type"":""Point"",""coordinates"":[-48.70953436764457,-25.415565028931795]}"
0000000000000000028a,-5.977567672729492,"{""type"":""Point"",""coordinates"":[-48.70744750835156,-25.415533815224418]}"
000000000000000001ff,-5.9629319,"{""type"":""Point"",""coordinates"":[-48.70805394609483,-25.414998723098005]}"
000000000000000002a3,-5.9532129,"{""type"":""Point"",""coordinates"":[-48.70734494902733,-25.41561853814443]}"
000000000000000002d7,-5.948469638824463,"{""type"":""Point"",""coordinates"":[-48.70714428947993,-25.415796902186575]}"
00000000000000000232,-5.9482415,"{""type"":""Point"",""coordinates"":[-48.70784882744637,-25.41526626916122]}"
0000000000000000021b,-5.9425391,"{""type"":""Point"",""coordinates"":[-48.707951386770596,-25.415177087140144]}"
000000000000000002ff,-5.9328034,"{""type"":""Point"",""coordinates"":[-48.7070417301557,-25.415975266228713]}"
0000000000000000025d,-5.9289127,"{""type"":""Point"",""coordinates"":[-48.70764816789897,-25.415355451182283]}"
0000000000000000008d,-5.9219929,"{""type"":""Point"",""coordinates"":[-48.70983758651621,-25.41529748286858]}"
00000000000000000349,-5.91905403137207,"{""type"":""Point"",""coordinates"":[-48.70673851128405,-25.416153630270845]}"
00000000000000000330,-5.9131208,"{""type"":""Point"",""coordinates"":[-48.70684107060829,-25.41615363027084]}"
0000000000000000009e,-5.9095362,"{""type"":""Point"",""coordinates"":[-48.70973502719198,-25.415386664889656]}"
000000000000000002c0,-5.9088546,"{""type"":""Point"",""coordinates"":[-48.70724684880415,-25.415707720165504]}"
000000000000000003d9,-5.904707908630371,"{""type"":""Point"",""coordinates"":[-48.70613653264184,-25.41650589925407]}"
00000000000000000275,-5.9036734,"{""type"":""Point"",""coordinates"":[-48.7075500676758,-25.415444633203347]}"
000000000000000002d8,-5.8995826,"{""type"":""Point"",""coordinates"":[-48.70714428947992,-25.415890543308695]}"
000000000000000000b9,-5.8960068,"{""type"":""Point"",""coordinates"":[-48.70953436764457,-25.415654210952862]}"
0000000000000000037d,-5.8833316,"{""type"":""Point"",""coordinates"":[-48.70643529241243,-25.416416717233]}"
00000000000000000308,-5.8755935,"{""type"":""Point"",""coordinates"":[-48.70694362993252,-25.415886084207642]}"
0000000000000000032f,-5.8751171,"{""type"":""Point"",""coordinates"":[-48.7068410706083,-25.416064448249774]}"
0000000000000000024b,-5.8671218,"{""type"":""Point"",""coordinates"":[-48.707750727223186,-25.415266269161215]}"
00000000000000000331,-5.8606508,"{""type"":""Point"",""coordinates"":[-48.70684107060829,-25.41597526622871]}"
0000000000000000021a,-5.8484238,"{""type"":""Point"",""coordinates"":[-48.707951386770596,-25.415087905119073]}"
00000000000000000318,-5.8447902,"{""type"":""Point"",""coordinates"":[-48.70694362993252,-25.41597526622871]}"
000000000000000002f0,-5.837636947631836,"{""type"":""Point"",""coordinates"":[-48.7070417301557,-25.415886084207642]}"
00000000000000000234,-5.822791576385498,"{""type"":""Point"",""coordinates"":[-48.707853286547426,-25.415177087140144]}"
000000000000000002d9,-5.8222592,"{""type"":""Point"",""coordinates"":[-48.70714428947992,-25.415707720165507]}"
00000000000000000128,-5.8213988,"{""type"":""Point"",""coordinates"":[-48.70892347080025,-25.416278485100346]}"
0000000000000000028d,-5.8147418,"{""type"":""Point"",""coordinates"":[-48.70744750835155,-25.415440174102297]}"
00000000000000000366,-5.8105168,"{""type"":""Point"",""coordinates"":[-48.70653785173666,-25.416331994312984]}"
000000000000000002ef,-5.7995319,"{""type"":""Point"",""coordinates"":[-48.70704618925676,-25.415796902186575]}"
000000000000000002bb,-5.7930246,"{""type"":""Point"",""coordinates"":[-48.707246848804154,-25.415618538144432]}"
00000000000000000348,-5.7871905,"{""type"":""Point"",""coordinates"":[-48.70674297038512,-25.416064448249777]}"
00000000000000000321,-5.7834685,"{""type"":""Point"",""coordinates"":[-48.70684552970935,-25.415881625106586]}"
0000000000000000034c,-5.7826151847839355,"{""type"":""Point"",""coordinates"":[-48.70664041106089,-25.416242812291912]}"
000000000000000001be,-5.7784554,"{""type"":""Point"",""coordinates"":[-48.70832149215803,-25.416630754083567]}"
000000000000000002a2,-5.7696756,"{""type"":""Point"",""coordinates"":[-48.70734940812838,-25.41552935612337]}"
0000000000000000042a,-5.7620931,"{""type"":""Point"",""coordinates"":[-48.70583331377021,-25.416768986216223]}"
0000000000000000013e,-5.7611412,"{""type"":""Point"",""coordinates"":[-48.708825370577074,-25.416367667121417]}"
00000000000000000123,-5.7586479,"{""type"":""Point"",""coordinates"":[-48.70902603012448,-25.41618930307928]}"
00000000000000000307,-5.7474711,"{""type"":""Point"",""coordinates"":[-48.70694808903358,-25.415796902186575]}"
00000000000000000218,-5.7470109,"{""type"":""Point"",""coordinates"":[-48.70795584587165,-25.414998723097998]}"
00000000000000000080,-5.7461532,"{""type"":""Point"",""coordinates"":[-48.709940145840434,-25.415208300847517]}"
0000000000000000008e,-5.745009422302246,"{""type"":""Point"",""coordinates"":[-48.70983758651621,-25.415386664889656]}"
00000000000000000222,-5.7432297,"{""type"":""Point"",""coordinates"":[-48.70792017306322,-25.41689384104572]}"
00000000000000000264,-5.7357611,"{""type"":""Point"",""coordinates"":[-48.707652627000016,-25.415266269161215]}"
00000000000000000362,-5.7225748,"{""type"":""Point"",""coordinates"":[-48.70664041106089,-25.416149171169796]}"
0000000000000000034a,-5.7202047,"{""type"":""Point"",""coordinates"":[-48.70674297038512,-25.415970807127657]}"
00000000000000000274,-5.7163447,"{""type"":""Point"",""coordinates"":[-48.70755006767579,-25.415350992081226]}"
0000000000000000024d,-5.7029842,"{""type"":""Point"",""coordinates"":[-48.707750727223186,-25.415177087140144]}"
00000000000000000204,-5.698937892913818,"{""type"":""Point"",""coordinates"":[-48.70801827328639,-25.416804659024653]}"
000000000000000000fc,-5.680798530578613,"{""type"":""Point"",""coordinates"":[-48.709226689671894,-25.416010939037136]}"
000000000000000003f2,-5.6775802,"{""type"":""Point"",""coordinates"":[-48.706038432418666,-25.41650144015302]}"
000000000000000000cd,-5.675786972045898,"{""type"":""Point"",""coordinates"":[-48.70943180832034,-25.415832574995]}"
000000000000000000a7,-5.6752265,"{""type"":""Point"",""coordinates"":[-48.70963246786775,-25.41556502893179]}"
000000000000000002ba,-5.6740016,"{""type"":""Point"",""coordinates"":[-48.70725130790521,-25.41552935612337]}"
000000000000000000a9,-5.672915935516357,"{""type"":""Point"",""coordinates"":[-48.7096369269688,-25.415475846910724]}"
0000000000000000027b,-5.6677097,"{""type"":""Point"",""coordinates"":[-48.70755452677684,-25.41526181006016]}"
00000000000000000195,-5.6670285,"{""type"":""Point"",""coordinates"":[-48.708522151705445,-25.41645239004143]}"
000000000000000002d4,-5.6653108,"{""type"":""Point"",""coordinates"":[-48.70714874858098,-25.415618538144436]}"
0000000000000000040d,-5.6474649,"{""type"":""Point"",""coordinates"":[-48.70593587309444,-25.416590622174084]}"
00000000000000000233,-5.6435453,"{""type"":""Point"",""coordinates"":[-48.707853286547426,-25.415087905119073]}"
000000000000000002f1,-5.6418335,"{""type"":""Point"",""coordinates"":[-48.70704618925675,-25.415707720165504]}"
000000000000000000e0,-5.6387478,"{""type"":""Point"",""coordinates"":[-48.70932924899612,-25.415921757016072]}"
000000000000000000a8,-5.62858772277832,"{""type"":""Point"",""coordinates"":[-48.70963246786775,-25.41565421095286]}"
00000000000000000111,-5.6281348,"{""type"":""Point"",""coordinates"":[-48.70912858944871,-25.416100121058207]}"
00000000000000000099,-5.6237122,"{""type"":""Point"",""coordinates"":[-48.70973502719198,-25.415475846910724]}"
00000000000000000365,-5.6158172,"{""type"":""Point"",""coordinates"":[-48.70653785173666,-25.416238353190867]}"
00000000000000000361,-5.6052644,"{""type"":""Point"",""coordinates"":[-48.70664487016194,-25.416059989148728]}"
0000000000000000037f,-5.5979487,"{""type"":""Point"",""coordinates"":[-48.706439751513486,-25.416327535211927]}"
000000000000000000bc,-5.5957971,"{""type"":""Point"",""coordinates"":[-48.709529908543516,-25.415743392973926]}"
00000000000000000396,-5.5939451,"{""type"":""Point"",""coordinates"":[-48.70633719218925,-25.416416717233]}"
0000000000000000024a,-5.5849394,"{""type"":""Point"",""coordinates"":[-48.7077596454253,-25.414905081975885]}"
000000000000000002a5,-5.583888053894043,"{""type"":""Point"",""coordinates"":[-48.70734940812838,-25.415440174102297]}"
0000000000000000007e,-5.5786741,"{""type"":""Point"",""coordinates"":[-48.709935686739385,-25.41530194196964]}"
0000000000000000028c,-5.5775396,"{""type"":""Point"",""coordinates"":[-48.70745196745261,-25.415350992081226]}"
00000000000000000444,-5.5755071,"{""type"":""Point"",""coordinates"":[-48.70573521354704,-25.416858168237297]}"
0000000000000000037e,-5.5395708,"{""type"":""Point"",""coordinates"":[-48.706439751513486,-25.416238353190867]}"
00000000000000000230,-5.5310899,"{""type"":""Point"",""coordinates"":[-48.707853286547426,-25.414998723098005]}"
000000000000000000ab,-5.53079080581665,"{""type"":""Point"",""coordinates"":[-48.70963246786775,-25.415747852074986]}"
00000000000000000220,-5.5102074,"{""type"":""Point"",""coordinates"":[-48.70791571396217,-25.41698302306679]}"
0000000000000000024c,-5.5068433,"{""type"":""Point"",""coordinates"":[-48.70775518632425,-25.41508344601802]}"
00000000000000000474,-5.5057827,"{""type"":""Point"",""coordinates"":[-48.70553455399964,-25.41694735025836]}"
0000000000000000027d,-5.5037763,"{""type"":""Point"",""coordinates"":[-48.707554526776846,-25.41517262803909]}"
00000000000000000089,-5.5026015,"{""type"":""Point"",""coordinates"":[-48.70983312741515,-25.41548030601178]}"
000000000000000002d3,-5.5014274,"{""type"":""Point"",""coordinates"":[-48.70714874858098,-25.41552935612337]}"
00000000000000000231,-5.4949188232421875,"{""type"":""Point"",""coordinates"":[-48.707857745648475,-25.414905081975885]}"
0000000000000000007f,-5.4905069,"{""type"":""Point"",""coordinates"":[-48.709935686739385,-25.41539112399071]}"
00000000000000000097,-5.4897211,"{""type"":""Point"",""coordinates"":[-48.70973502719198,-25.415569488032844]}"
00000000000000000166,-5.4831997,"{""type"":""Point"",""coordinates"":[-48.70872281125285,-25.41645239004143]}"
0000000000000000037b,-5.4730921,"{""type"":""Point"",""coordinates"":[-48.70654231083772,-25.416149171169796]}"
00000000000000000266,-5.455830097198486,"{""type"":""Point"",""coordinates"":[-48.707652627000016,-25.41517262803909]}"
00000000000000000309,-5.4541632,"{""type"":""Point"",""coordinates"":[-48.706948089033574,-25.41570326106445]}"
00000000000000000071,-5.4370673,"{""type"":""Point"",""coordinates"":[-48.71003824606361,-25.415212759948577]}"
0000000000000000033a,-5.4369491,"{""type"":""Point"",""coordinates"":[-48.70674742948617,-25.415881625106586]}"
00000000000000000363,-5.418177127838135,"{""type"":""Point"",""coordinates"":[-48.70664487016194,-25.415970807127657]}"
000000000000000002bd,-5.4178017,"{""type"":""Point"",""coordinates"":[-48.70725130790521,-25.415440174102297]}"
000000000000000002a4,-5.4170524,"{""type"":""Point"",""coordinates"":[-48.707353867229436,-25.415350992081226]}"
000000000000000001eb,-5.4158894,"{""type"":""Point"",""coordinates"":[-48.70812083261064,-25.416715477003585]}"
00000000000000000320,-5.401797294616699,"{""type"":""Point"",""coordinates"":[-48.70684552970935,-25.415792443085518]}"
000000000000000002ec,-5.3778312,"{""type"":""Point"",""coordinates"":[-48.70705064835781,-25.41561407904338]}"
000000000000000001d3,-5.3756309,"{""type"":""Point"",""coordinates"":[-48.7082189328338,-25.416715477003585]}"
00000000000000000098,-5.3706668,"{""type"":""Point"",""coordinates"":[-48.70973056809093,-25.41565867005392]}"
00000000000000000249,-5.34889030456543,"{""type"":""Point"",""coordinates"":[-48.70775518632424,-25.414994263996952]}"
00000000000000000176,-5.343369007110596,"{""type"":""Point"",""coordinates"":[-48.708620251928615,-25.4165415720625]}"
00000000000000000263,-5.3420283,"{""type"":""Point"",""coordinates"":[-48.70765708610107,-25.414905081975885]}"
00000000000000000394,-5.326974391937256,"{""type"":""Point"",""coordinates"":[-48.706444210614535,-25.416149171169796]}"
000000000000000000ce,-5.3259789,"{""type"":""Point"",""coordinates"":[-48.70942734921929,-25.41592175701607]}"
00000000000000000293,-5.3028147,"{""type"":""Point"",""coordinates"":[-48.70745196745261,-25.41526181006016]}"
000000000000000001a6,-5.2940344,"{""type"":""Point"",""coordinates"":[-48.70841959238121,-25.416630754083567]}"
0000000000000000007a,-5.2921709,"{""type"":""Point"",""coordinates"":[-48.70993122763833,-25.41548030601178]}"
00000000000000000398,-5.2900813,"{""type"":""Point"",""coordinates"":[-48.70634165129031,-25.416327535211927]}"
0000000000000000006f,-5.2741224,"{""type"":""Point"",""coordinates"":[-48.71003824606361,-25.41530194196964]}"
00000000000000000265,-5.2607085,"{""type"":""Point"",""coordinates"":[-48.70765708610108,-25.41508344601802]}"
000000000000000003af,-5.2299998,"{""type"":""Point"",""coordinates"":[-48.70623909196608,-25.416416717233]}"
0000000000000000037a,-5.2275412,"{""type"":""Point"",""coordinates"":[-48.70654231083771,-25.416059989148728]}"
0000000000000000018e,-5.2202183,"{""type"":""Point"",""coordinates"":[-48.708522151705445,-25.416630754083567]}"
00000000000000000209,-5.2171989,"{""type"":""Point"",""coordinates"":[-48.7080182732864,-25.416893841045717]}"
000000000000000002d6,-5.2101487,"{""type"":""Point"",""coordinates"":[-48.70715320768204,-25.415435715001244]}"
00000000000000000087,-5.2023164,"{""type"":""Point"",""coordinates"":[-48.70983312741515,-25.415569488032848]}"
0000000000000000009b,-5.1920141,"{""type"":""Point"",""coordinates"":[-48.70973056809093,-25.415747852074986]}"
000000000000000000e9,-5.180027008056641,"{""type"":""Point"",""coordinates"":[-48.70932924899611,-25.41601093903714]}"
000000000000000001ec,-5.1729073,"{""type"":""Point"",""coordinates"":[-48.70812083261063,-25.416804659024653]}"
000000000000000002bc,-5.1705021,"{""type"":""Point"",""coordinates"":[-48.70725130790521,-25.415346532980173]}"
000000000000000000bd,-5.1700214,"{""type"":""Point"",""coordinates"":[-48.709529908543516,-25.415837034096054]}"
00000000000000000062,-5.1611052,"{""type"":""Point"",""coordinates"":[-48.710136346286795,-25.415212759948577]}"
000000000000000002ab,-5.1576165,"{""type"":""Point"",""coordinates"":[-48.707353867229436,-25.41526181006016]}"
00000000000000000425,-5.154536247253418,"{""type"":""Point"",""coordinates"":[-48.70583777287126,-25.41667980419516]}"
0000000000000000027a,-5.1261074,"{""type"":""Point"",""coordinates"":[-48.707558985877895,-25.41490062287483]}"
00000000000000000262,-5.1059792,"{""type"":""Point"",""coordinates"":[-48.70765708610107,-25.414994263996952]}"
000000000000000002eb,-5.1049577,"{""type"":""Point"",""coordinates"":[-48.70705064835781,-25.415524897022316]}"
00000000000000000129,-5.0949634,"{""type"":""Point"",""coordinates"":[-48.70892347080025,-25.416367667121413]}"
00000000000000000295,-5.0909599,"{""type"":""Point"",""coordinates"":[-48.70745642655367,-25.415172628039095]}"
00000000000000000304,-5.089151382446289,"{""type"":""Point"",""coordinates"":[-48.706948089033574,-25.41561407904338]}"
0000000000000000013b,-5.088150978088379,"{""type"":""Point"",""coordinates"":[-48.708820911476025,-25.41645684914248]}"
00000000000000000070,-5.084153175354004,"{""type"":""Point"",""coordinates"":[-48.710033786962555,-25.41539112399071]}"
00000000000000000339,-5.0834668,"{""type"":""Point"",""coordinates"":[-48.70674742948617,-25.41579244308552]}"
000000000000000000fd,-5.0792001,"{""type"":""Point"",""coordinates"":[-48.709226689671894,-25.416100121058207]}"
0000000000000000027c,-5.0625996589660645,"{""type"":""Point"",""coordinates"":[-48.707554526776846,-25.41508344601802]}"
00000000000000000114,-5.0517072677612305,"{""type"":""Point"",""coordinates"":[-48.709026030124484,-25.416278485100346]}"
00000000000000000353,-5.050828456878662,"{""type"":""Point"",""coordinates"":[-48.706644870161945,-25.415881625106586]}"
000000000000000001bb,-5.0494173,"{""type"":""Point"",""coordinates"":[-48.70832149215803,-25.416719936104634]}"
00000000000000000322,-5.0370276,"{""type"":""Point"",""coordinates"":[-48.70684998881039,-25.415703261064454]}"
000000000000000003c8,-5.007203102111816,"{""type"":""Point"",""coordinates"":[-48.7061409917429,-25.41641225813195]}"
0000000000000000037c,-5.007088661193848,"{""type"":""Point"",""coordinates"":[-48.70654676993877,-25.415970807127657]}"
0000000000000000045d,-5.0068519,"{""type"":""Point"",""coordinates"":[-48.7056326542228,-25.416858168237297]}"
000000000000000003b1,-4.9784248,"{""type"":""Point"",""coordinates"":[-48.70623909196608,-25.41632753521193]}"
0000000000000000010f,-4.9646188,"{""type"":""Point"",""coordinates"":[-48.709124130347654,-25.41618930307928]}"
0000000000000000040c,-4.9597222,"{""type"":""Point"",""coordinates"":[-48.705940332195496,-25.41650144015302]}"
00000000000000000397,-4.9596821,"{""type"":""Point"",""coordinates"":[-48.70634165129031,-25.416238353190867]}"
0000000000000000048d,-4.9493653,"{""type"":""Point"",""coordinates"":[-48.7054319946754,-25.41694289115731]}"
000000000000000003ad,-4.9323242,"{""type"":""Point"",""coordinates"":[-48.70634165129031,-25.41614471206875]}"
00000000000000000150,-4.9311511,"{""type"":""Point"",""coordinates"":[-48.70872281125285,-25.416546031163552]}"
00000000000000000088,-4.9240013,"{""type"":""Point"",""coordinates"":[-48.709828668314096,-25.41565867005392]}"
00000000000000000060,-4.9238369,"{""type"":""Point"",""coordinates"":[-48.710136346286795,-25.41530194196964]}"
000000000000000002d5,-4.9177249,"{""type"":""Point"",""coordinates"":[-48.70715320768204,-25.41534653298017]}"
00000000000000000292,-4.9101864,"{""type"":""Point"",""coordinates"":[-48.707460885654726,-25.41490062287483]}"
00000000000000000443,-4.9042955,"{""type"":""Point"",""coordinates"":[-48.70573521354704,-25.416768986216223]}"
000000000000000002ee,-4.8979705,"{""type"":""Point"",""coordinates"":[-48.70705064835781,-25.41543571500124]}"
00000000000000000393,-4.8974345,"{""type"":""Point"",""coordinates"":[-48.706444210614535,-25.416059989148728]}"
00000000000000000279,-4.8900582,"{""type"":""Point"",""coordinates"":[-48.707558985877895,-25.414994263996952]}"
00000000000000000303,-4.8883927,"{""type"":""Point"",""coordinates"":[-48.70695254813463,-25.415524897022312]}"
00000000000000000207,-4.8776491,"{""type"":""Point"",""coordinates"":[-48.7080182732864,-25.41698302306679]}"
00000000000000000054,-4.8631461,"{""type"":""Point"",""coordinates"":[-48.71023444650997,-25.415212759948574]}"
00000000000000000294,-4.8552836,"{""type"":""Point"",""coordinates"":[-48.70745642655367,-25.415078986916967]}"
0000000000000000006b,-4.8444444,"{""type"":""Point"",""coordinates"":[-48.710033786962555,-25.41548030601178]}"
000000000000000002c3,-4.8372616,"{""type"":""Point"",""coordinates"":[-48.70725576700626,-25.415257350959102]}"
000000000000000002ad,-4.8349361,"{""type"":""Point"",""coordinates"":[-48.707353867229436,-25.415168168938038]}"
0000000000000000031d,-4.794189929962158,"{""type"":""Point"",""coordinates"":[-48.70684998881039,-25.41561407904338]}"
000000000000000001a3,-4.792794704437256,"{""type"":""Point"",""coordinates"":[-48.70841959238121,-25.416719936104634]}"
00000000000000000177,-4.783658981323242,"{""type"":""Point"",""coordinates"":[-48.708620251928615,-25.41663521318462]}"
000000000000000003e1,-4.770285606384277,"{""type"":""Point"",""coordinates"":[-48.70603843241867,-25.416412258131952]}"
00000000000000000078,-4.7526287,"{""type"":""Point"",""coordinates"":[-48.70993122763833,-25.415569488032848]}"
00000000000000000061,-4.7479567527771,"{""type"":""Point"",""coordinates"":[-48.71013188718573,-25.415395583091758]}"
000000000000000000ac,-4.7465668,"{""type"":""Point"",""coordinates"":[-48.70962800876669,-25.415837034096054]}"
0000000000000000033b,-4.7455404,"{""type"":""Point"",""coordinates"":[-48.70674742948617,-25.415703261064454]}"
000000000000000002aa,-4.7279867,"{""type"":""Point"",""coordinates"":[-48.70735832633049,-25.41490062287483]}"
000000000000000000d6,-4.7210782,"{""type"":""Point"",""coordinates"":[-48.70942734921929,-25.416015398138192]}"
000000000000000000bb,-4.7200054,"{""type"":""Point"",""coordinates"":[-48.709525449442474,-25.41592621611712]}"
00000000000000000052,-4.7171466,"{""type"":""Point"",""coordinates"":[-48.71023444650997,-25.415306401070694]}"
000000000000000003ca,-4.712356090545654,"{""type"":""Point"",""coordinates"":[-48.706140991742906,-25.416323076110878]}"
000000000000000003b0,-4.6893256,"{""type"":""Point"",""coordinates"":[-48.70624355106714,-25.416233894089814]}"
00000000000000000427,-4.6762222,"{""type"":""Point"",""coordinates"":[-48.70583777287126,-25.416590622174084]}"
00000000000000000291,-4.6741373,"{""type"":""Point"",""coordinates"":[-48.70745642655366,-25.414989804895896]}"
000000000000000002ed,-4.6679886,"{""type"":""Point"",""coordinates"":[-48.70705510745886,-25.41534653298017]}"
0000000000000000043f,-4.6614511,"{""type"":""Point"",""coordinates"":[-48.70573521354704,-25.41667980419516]}"
0000000000000000036c,-4.6507401,"{""type"":""Point"",""coordinates"":[-48.70654676993877,-25.415877166005536]}"
00000000000000000352,-4.6432688,"{""type"":""Point"",""coordinates"":[-48.706649329262994,-25.41579244308552]}"
000000000000000001f1,-4.6254143714904785,"{""type"":""Point"",""coordinates"":[-48.708116373509576,-25.416898300146773]}"
00000000000000000476,-4.615323543548584,"{""type"":""Point"",""coordinates"":[-48.70553455399964,-25.416858168237297]}"
000000000000000002dc,-4.5976961,"{""type"":""Point"",""coordinates"":[-48.70715320768204,-25.415257350959102]}"
0000000000000000005c,-4.5962221,"{""type"":""Point"",""coordinates"":[-48.71013188718574,-25.41548476511283]}"
000000000000000003ac,-4.5778421,"{""type"":""Point"",""coordinates"":[-48.70634611039136,-25.416055530047668]}"
000000000000000001d4,-4.5500651,"{""type"":""Point"",""coordinates"":[-48.7082189328338,-25.416809118125705]}"
000000000000000002ac,-4.5474449,"{""type"":""Point"",""coordinates"":[-48.70735832633049,-25.415078986916967]}"
000000000000000002c5,-4.5400141,"{""type"":""Point"",""coordinates"":[-48.70725576700625,-25.415168168938038]}"
00000000000000000395,-4.5252725,"{""type"":""Point"",""coordinates"":[-48.706444210614535,-25.415966348026608]}"
000000000000000000ea,-4.524799823760986,"{""type"":""Point"",""coordinates"":[-48.70932478989505,-25.416104580159264]}"
0000000000000000008b,-4.5072459,"{""type"":""Point"",""coordinates"":[-48.709828668314096,-25.415747852074983]}"
00000000000000000126,-4.5056331,"{""type"":""Point"",""coordinates"":[-48.7089190116992,-25.41645684914248]}"
00000000000000000306,-4.4980471,"{""type"":""Point"",""coordinates"":[-48.70695254813462,-25.415435715001244]}"
000000000000000003fb,-4.4964086,"{""type"":""Point"",""coordinates"":[-48.705940332195496,-25.41641225813195]}"
00000000000000000053,-4.4947603,"{""type"":""Point"",""coordinates"":[-48.71023444650997,-25.41539558309176]}"
000000000000000002c1,-4.4850757,"{""type"":""Point"",""coordinates"":[-48.70726022610732,-25.414896163773776]}"
0000000000000000045c,-4.4825656,"{""type"":""Point"",""coordinates"":[-48.70563711332387,-25.416768986216226]}"
00000000000000000426,-4.4730675,"{""type"":""Point"",""coordinates"":[-48.70583777287126,-25.41650144015302]}"
0000000000000000018b,-4.4434027,"{""type"":""Point"",""coordinates"":[-48.708517692604396,-25.416719936104634]}"
00000000000000000046,-4.435285568237305,"{""type"":""Point"",""coordinates"":[-48.71033700583419,-25.415217219049627]}"
0000000000000000013c,-4.4333141,"{""type"":""Point"",""coordinates"":[-48.708820911476025,-25.41654603116355]}"
000000000000000003c6,-4.4271823,"{""type"":""Point"",""coordinates"":[-48.70624355106713,-25.41614471206875]}"
000000000000000002a9,-4.4201464,"{""type"":""Point"",""coordinates"":[-48.70735832633049,-25.414989804895903]}"
000000000000000003c9,-4.41896915435791,"{""type"":""Point"",""coordinates"":[-48.706140991742906,-25.41623389408981]}"
00000000000000000044,-4.4142574,"{""type"":""Point"",""coordinates"":[-48.71033254673315,-25.415306401070698]}"
000000000000000000fb,-4.404963493347168,"{""type"":""Point"",""coordinates"":[-48.70922223057083,-25.416193762180328]}"
00000000000000000336,-4.3944275,"{""type"":""Point"",""coordinates"":[-48.70675188858722,-25.415609619942323]}"
00000000000000000160,-4.3815376,"{""type"":""Point"",""coordinates"":[-48.708718352151784,-25.41663521318462]}"
0000000000000000031c,-4.379819393157959,"{""type"":""Point"",""coordinates"":[-48.7068499888104,-25.415524897022312]}"
000000000000000003e3,-4.3633979,"{""type"":""Point"",""coordinates"":[-48.70604289151972,-25.416323076110878]}"
00000000000000000115,-4.3284667,"{""type"":""Point"",""coordinates"":[-48.70902157102342,-25.416367667121413]}"
000000000000000001bc,-4.3127226,"{""type"":""Point"",""coordinates"":[-48.70831703305698,-25.416809118125705]}"
000000000000000003df,-4.311620712280273,"{""type"":""Point"",""coordinates"":[-48.70614545084395,-25.41614471206875]}"
000000000000000003c5,-4.2990515,"{""type"":""Point"",""coordinates"":[-48.70624355106713,-25.416055530047668]}"
0000000000000000036b,-4.2900086,"{""type"":""Point"",""coordinates"":[-48.70654676993877,-25.415787983984465]}"
00000000000000000458,-4.2869674,"{""type"":""Point"",""coordinates"":[-48.70563711332387,-25.416675345094106]}"
000000000000000002de,-4.2703453,"{""type"":""Point"",""coordinates"":[-48.70715766678308,-25.415168168938038]}"
000000000000000002da,-4.2691547,"{""type"":""Point"",""coordinates"":[-48.70716212588414,-25.414896163773772]}"
00000000000000000305,-4.2672298,"{""type"":""Point"",""coordinates"":[-48.70695254813463,-25.41534207387912]}"
0000000000000000009c,-4.2530215,"{""type"":""Point"",""coordinates"":[-48.70972610898987,-25.415837034096054]}"
0000000000000000048f,-4.235901355743408,"{""type"":""Point"",""coordinates"":[-48.70543645377646,-25.416853709136237]}"
00000000000000000441,-4.2323444,"{""type"":""Point"",""coordinates"":[-48.705739672648086,-25.416590622174084]}"
000000000000000002c4,-4.2251485,"{""type"":""Point"",""coordinates"":[-48.70725576700625,-25.415078986916967]}"
000000000000000003ae,-4.2203512,"{""type"":""Point"",""coordinates"":[-48.70634611039136,-25.415966348026608]}"
00000000000000000069,-4.2189144,"{""type"":""Point"",""coordinates"":[-48.710029327861506,-25.415573947133904]}"
000000000000000003e2,-4.2054149,"{""type"":""Point"",""coordinates"":[-48.70604289151972,-25.416233894089814]}"
00000000000000000354,-4.1966836,"{""type"":""Point"",""coordinates"":[-48.706649329262994,-25.415698801963398]}"
000000000000000000c4,-4.1836602,"{""type"":""Point"",""coordinates"":[-48.70952544944247,-25.416015398138192]}"
00000000000000000079,-4.1826558113098145,"{""type"":""Point"",""coordinates"":[-48.70993122763833,-25.415663129154968]}"
000000000000000002f4,-4.172527313232422,"{""type"":""Point"",""coordinates"":[-48.70705510745886,-25.415257350959102]}"
00000000000000000384,-4.1668025,"{""type"":""Point"",""coordinates"":[-48.70644866971559,-25.415877166005536]}"
000000000000000001ef,-4.1463581,"{""type"":""Point"",""coordinates"":[-48.708116373509576,-25.41698748216784]}"
000000000000000002c2,-4.1166481,"{""type"":""Point"",""coordinates"":[-48.70726022610732,-25.41498534579485]}"
00000000000000000100,-4.1104357,"{""type"":""Point"",""coordinates"":[-48.70912413034766,-25.41627848510035]}"
00000000000000000415,-4.1010197,"{""type"":""Point"",""coordinates"":[-48.705842231972326,-25.4164077990309]}"
000000000000000001d9,-4.0993836,"{""type"":""Point"",""coordinates"":[-48.7082189328338,-25.416898300146773]}"
00000000000000000039,-4.0942237,"{""type"":""Point"",""coordinates"":[-48.71043510605737,-25.415217219049627]}"
000000000000000000d7,-4.0916525,"{""type"":""Point"",""coordinates"":[-48.70942289011823,-25.416104580159264]}"
00000000000000000174,-4.0852454,"{""type"":""Point"",""coordinates"":[-48.70861579282756,-25.416724395205694]}"
00000000000000000440,-4.0832209,"{""type"":""Point"",""coordinates"":[-48.705739672648086,-25.416496981051964]}"
000000000000000002f2,-4.0532337,"{""type"":""Point"",""coordinates"":[-48.70706402566097,-25.414896163773772]}"
000000000000000002dd,-4.0416241,"{""type"":""Point"",""coordinates"":[-48.70715766678308,-25.41507452781591]}"
0000000000000000031f,-4.0341447,"{""type"":""Point"",""coordinates"":[-48.70685444791145,-25.41543125590019]}"
0000000000000000039d,-4.022458076477051,"{""type"":""Point"",""coordinates"":[-48.70634611039136,-25.415877166005536]}"
00000000000000000335,-4.0206697,"{""type"":""Point"",""coordinates"":[-48.70675188858722,-25.41552043792126]}"
00000000000000000383,-4.0090515,"{""type"":""Point"",""coordinates"":[-48.70644866971559,-25.415787983984465]}"
000000000000000003c7,-4.0033983,"{""type"":""Point"",""coordinates"":[-48.70624801016818,-25.415966348026608]}"
000000000000000002f6,-4.000326633453369,"{""type"":""Point"",""coordinates"":[-48.70705510745886,-25.41516370983698]}"
000000000000000000e8,-3.9929701,"{""type"":""Point"",""coordinates"":[-48.70932478989506,-25.416193762180328]}"
0000000000000000004e,-3.9802056,"{""type"":""Point"",""coordinates"":[-48.71022998740891,-25.41548476511283]}"
0000000000000000005a,-3.9779355,"{""type"":""Point"",""coordinates"":[-48.71013188718574,-25.415573947133904]}"
000000000000000002db,-3.9755449,"{""type"":""Point"",""coordinates"":[-48.70716212588414,-25.41498534579485]}"
000000000000000000aa,-3.9737216,"{""type"":""Point"",""coordinates"":[-48.70962800876669,-25.415926216117125]}"
000000000000000003fd,-3.9730784,"{""type"":""Point"",""coordinates"":[-48.705940332195496,-25.416323076110878]}"
0000000000000000030d,-3.9670552,"{""type"":""Point"",""coordinates"":[-48.70695700723568,-25.415252891858056]}"
0000000000000000036d,-3.965240478515625,"{""type"":""Point"",""coordinates"":[-48.70655122903982,-25.415698801963394]}"
0000000000000000034f,-3.9612131,"{""type"":""Point"",""coordinates"":[-48.706649329262994,-25.415609619942327]}"
000000000000000003de,-3.9584386348724365,"{""type"":""Point"",""coordinates"":[-48.70614545084395,-25.41605107094662]}"
000000000000000001a4,-3.9546854496002197,"{""type"":""Point"",""coordinates"":[-48.70841959238121,-25.416809118125705]}"
00000000000000000037,-3.9546763,"{""type"":""Point"",""coordinates"":[-48.71043510605737,-25.415306401070698]}"
000000000000000003f9,-3.9255947,"{""type"":""Point"",""coordinates"":[-48.70604289151972,-25.41614025296769]}"
0000000000000000003c,-3.9134788513183594,"{""type"":""Point"",""coordinates"":[-48.710417269653156,-25.416117957462426]}"
00000000000000000475,-3.913447141647339,"{""type"":""Point"",""coordinates"":[-48.70553455399964,-25.416764527115173]}"
0000000000000000014b,-3.911858081817627,"{""type"":""Point"",""coordinates"":[-48.70881645237497,-25.41663521318462]}"
00000000000000000127,-3.9068724,"{""type"":""Point"",""coordinates"":[-48.708919011699194,-25.416546031163552]}"
0000000000000000031e,-3.9068101,"{""type"":""Point"",""coordinates"":[-48.706854447911454,-25.415342073879117]}"
0000000000000000045a,-3.8938418,"{""type"":""Point"",""coordinates"":[-48.70563711332387,-25.41658616307303]}"
000000000000000002f5,-3.8814233,"{""type"":""Point"",""coordinates"":[-48.707059566559906,-25.41507452781591]}"
000000000000000000c5,-3.8765015602111816,"{""type"":""Point"",""coordinates"":[-48.709525449442474,-25.416104580159264]}"
000000000000000004a7,-3.8677525,"{""type"":""Point"",""coordinates"":[-48.705333894452224,-25.416853709136237]}"
00000000000000000325,-3.8641721,"{""type"":""Point"",""coordinates"":[-48.70686336611356,-25.41480252265165]}"
0000000000000000030f,-3.8575071,"{""type"":""Point"",""coordinates"":[-48.70695700723567,-25.41516370983698]}"
00000000000000000338,-3.8514251,"{""type"":""Point"",""coordinates"":[-48.70675188858722,-25.41543125590019]}"
00000000000000000049,-3.8436464,"{""type"":""Point"",""coordinates"":[-48.71031916942999,-25.416117957462422]}"
0000000000000000003a,-3.8350188,"{""type"":""Point"",""coordinates"":[-48.710417269653156,-25.416211598584546]}"
000000000000000002f3,-3.8344416,"{""type"":""Point"",""coordinates"":[-48.707059566559906,-25.41498534579485]}"
00000000000000000025,-3.8327887058258057,"{""type"":""Point"",""coordinates"":[-48.71061792920056,-25.41612241656348]}"
00000000000000000045,-3.8223363,"{""type"":""Point"",""coordinates"":[-48.71033254673315,-25.415395583091765]}"
00000000000000000326,-3.8144885,"{""type"":""Point"",""coordinates"":[-48.7068589070125,-25.415252891858056]}"
00000000000000000065,-3.8143495,"{""type"":""Point"",""coordinates"":[-48.71011850988257,-25.41611349836137]}"
00000000000000000030,-3.8114461,"{""type"":""Point"",""coordinates"":[-48.71051982897738,-25.41612241656348]}"
0000000000000000007c,-3.8111061,"{""type"":""Point"",""coordinates"":[-48.70992676853727,-25.41575231117604]}"
0000000000000000030a,-3.8103226,"{""type"":""Point"",""coordinates"":[-48.706961466336736,-25.414891704672723]}"
0000000000000000002e,-3.8069452,"{""type"":""Point"",""coordinates"":[-48.71051536987634,-25.416211598584546]}"
000000000000000000b7,-3.8020774,"{""type"":""Point"",""coordinates"":[-48.70952099034141,-25.41637658532352]}"
00000000000000000074,-3.800854206085205,"{""type"":""Point"",""coordinates"":[-48.7100204096594,-25.416113498361366]}"
0000000000000000039c,-3.7983713150024414,"{""type"":""Point"",""coordinates"":[-48.706350569492415,-25.415783524883413]}"
00000000000000000386,-3.7864345,"{""type"":""Point"",""coordinates"":[-48.70644866971559,-25.4156988019634]}"
00000000000000000417,-3.7852224,"{""type"":""Point"",""coordinates"":[-48.705842231972326,-25.41631861700982]}"
00000000000000000057,-3.7846495,"{""type"":""Point"",""coordinates"":[-48.710221069206796,-25.416117957462422]}"
0000000000000000030e,-3.7760401,"{""type"":""Point"",""coordinates"":[-48.70696146633673,-25.41507452781591]}"
00000000000000000368,-3.7683167457580566,"{""type"":""Point"",""coordinates"":[-48.70655122903982,-25.415609619942327]}"
0000000000000000042f,-3.7618301,"{""type"":""Point"",""coordinates"":[-48.705739672648086,-25.4164077990309]}"
0000000000000000034e,-3.7616899,"{""type"":""Point"",""coordinates"":[-48.706653788364044,-25.41552043792126]}"
0000000000000000001a,-3.7459805011749268,"{""type"":""Point"",""coordinates"":[-48.710716029423736,-25.416033234542404]}"
00000000000000000047,-3.7456867694854736,"{""type"":""Point"",""coordinates"":[-48.71031916942998,-25.41620713948349]}"
00000000000000000337,-3.73026442527771,"{""type"":""Point"",""coordinates"":[-48.70675634768828,-25.41534207387912]}"
00000000000000000328,-3.7299482822418213,"{""type"":""Point"",""coordinates"":[-48.7068589070125,-25.415163709836982]}"
000000000000000003b6,-3.7165212631225586,"{""type"":""Point"",""coordinates"":[-48.70624801016818,-25.415872706904477]}"
000000000000000000ed,-3.715444564819336,"{""type"":""Point"",""coordinates"":[-48.70922223057083,-25.4162829442014]}"
000000000000000003fc,-3.7036001,"{""type"":""Point"",""coordinates"":[-48.705944791296545,-25.41622943498876]}"
00000000000000000471,-3.7012685,"{""type"":""Point"",""coordinates"":[-48.70553901310068,-25.4166753450941]}"
00000000000000000083,-3.7006225,"{""type"":""Point"",""coordinates"":[-48.70992230943622,-25.416113498361366]}"
00000000000000000090,-3.6953982,"{""type"":""Point"",""coordinates"":[-48.70981975011199,-25.41620268038244]}"
0000000000000000018c,-3.6892999,"{""type"":""Point"",""coordinates"":[-48.708517692604396,-25.416813577226765]}"
00000000000000000112,-3.6883089,"{""type"":""Point"",""coordinates"":[-48.70902157102342,-25.416461308243537]}"
00000000000000000056,-3.6871997,"{""type"":""Point"",""coordinates"":[-48.7102210692068,-25.41602877544135]}"
000000000000000000a5,-3.685934543609619,"{""type"":""Point"",""coordinates"":[-48.70961909056459,-25.416287403302455]}"
000000000000000003f8,-3.6852331161499023,"{""type"":""Point"",""coordinates"":[-48.70604735062078,-25.41605107094662]}"
00000000000000000327,-3.6762382984161377,"{""type"":""Point"",""coordinates"":[-48.7068589070125,-25.415070068714865]}"
00000000000000000048,-3.6759137,"{""type"":""Point"",""coordinates"":[-48.71031916942998,-25.416028775441355]}"
00000000000000000055,-3.674868583679199,"{""type"":""Point"",""coordinates"":[-48.71021661010574,-25.41620713948349]}"
0000000000000000030b,-3.6727859,"{""type"":""Point"",""coordinates"":[-48.706961466336736,-25.414980886693794]}"
00000000000000000072,-3.6688001,"{""type"":""Point"",""coordinates"":[-48.7100204096594,-25.41620268038244]}"
00000000000000000459,-3.6632566452026367,"{""type"":""Point"",""coordinates"":[-48.705641572424916,-25.416496981051964]}"
0000000000000000003d,-3.6545452,"{""type"":""Point"",""coordinates"":[-48.71031471032892,-25.41630078060561]}"
000000000000000000a0,-3.6545302867889404,"{""type"":""Point"",""coordinates"":[-48.70972164988881,-25.416198221281384]}"
0000000000000000003b,-3.6536297,"{""type"":""Point"",""coordinates"":[-48.71042172875421,-25.41602877544135]}"
00000000000000000063,-3.652390480041504,"{""type"":""Point"",""coordinates"":[-48.71011850988257,-25.41620713948349]}"
00000000000000000101,-3.6506617069244385,"{""type"":""Point"",""coordinates"":[-48.709119671246604,-25.416372126222466]}"
0000000000000000033e,-3.6482512,"{""type"":""Point"",""coordinates"":[-48.70676526589038,-25.4147980635506]}"
00000000000000000351,-3.6475824,"{""type"":""Point"",""coordinates"":[-48.706653788364044,-25.41543125590019]}"
00000000000000000081,-3.6473273,"{""type"":""Point"",""coordinates"":[-48.70991785033516,-25.416202680382437]}"
000000000000000003e0,-3.6370790004730225,"{""type"":""Point"",""coordinates"":[-48.706145450843955,-25.41596188892555]}"
00000000000000000041,-3.6357693672180176,"{""type"":""Point"",""coordinates"":[-48.710323628531036,-25.415939593420287]}"
00000000000000000024,-3.628594160079956,"{""type"":""Point"",""coordinates"":[-48.71061792920056,-25.416033234542404]}"
00000000000000000092,-3.6270713806152344,"{""type"":""Point"",""coordinates"":[-48.709824209213046,-25.416109039260316]}"
000000000000000000b6,-3.6262006,"{""type"":""Point"",""coordinates"":[-48.70952099034141,-25.416287403302455]}"
0000000000000000033f,-3.6239615,"{""type"":""Point"",""coordinates"":[-48.70675634768828,-25.415248432757004]}"
000000000000000001c1,-3.6237192153930664,"{""type"":""Point"",""coordinates"":[-48.70831703305698,-25.416898300146773]}"
000000000000000000b3,-3.6224202,"{""type"":""Point"",""coordinates"":[-48.70962354966564,-25.416109039260316]}"
00000000000000000064,-3.6130575,"{""type"":""Point"",""coordinates"":[-48.710122968983626,-25.416024316340298]}"
00000000000000000385,-3.6117829,"{""type"":""Point"",""coordinates"":[-48.706453128816634,-25.415605160841274]}"
000000000000000000da,-3.5977493,"{""type"":""Point"",""coordinates"":[-48.70932033079401,-25.4162829442014]}"
00000000000000000221,-3.5894683,"{""type"":""Point"",""coordinates"":[-48.70791571396217,-25.417072205087862]}"
000000000000000000b1,-3.5817599296569824,"{""type"":""Point"",""coordinates"":[-48.70962354966564,-25.416198221281384]}"
000000000000000000d5,-3.5781645,"{""type"":""Point"",""coordinates"":[-48.70942289011823,-25.416193762180328]}"
0000000000000000006a,-3.576812505722046,"{""type"":""Point"",""coordinates"":[-48.710029327861506,-25.415663129154968]}"
0000000000000000015e,-3.5720419,"{""type"":""Point"",""coordinates"":[-48.70871835215179,-25.416724395205694]}"
00000000000000000367,-3.5712916,"{""type"":""Point"",""coordinates"":[-48.70655568814087,-25.415515978820206]}"
0000000000000000004f,-3.5698854,"{""type"":""Point"",""coordinates"":[-48.7102210692068,-25.41593513431923]}"
00000000000000000350,-3.5628563,"{""type"":""Point"",""coordinates"":[-48.7066582474651,-25.41533761477807]}"
0000000000000000004a,-3.5557525157928467,"{""type"":""Point"",""coordinates"":[-48.71021661010574,-25.416296321504557]}"
000000000000000001d7,-3.5518908,"{""type"":""Point"",""coordinates"":[-48.708214473732745,-25.416987482167833]}"
000000000000000000b4,-3.5504678,"{""type"":""Point"",""coordinates"":[-48.70951653124036,-25.416465767344594]}"
00000000000000000073,-3.5500113,"{""type"":""Point"",""coordinates"":[-48.7100204096594,-25.416024316340298]}"
0000000000000000002f,-3.5465047359466553,"{""type"":""Point"",""coordinates"":[-48.71051982897738,-25.416033234542404]}"
000000000000000000a6,-3.5432468,"{""type"":""Point"",""coordinates"":[-48.709619090564594,-25.41637658532352]}"
00000000000000000324,-3.543137788772583,"{""type"":""Point"",""coordinates"":[-48.706863366113566,-25.414980886693794]}"
000000000000000000c9,-3.536013603210449,"{""type"":""Point"",""coordinates"":[-48.709418431017184,-25.41637658532352]}"
00000000000000000341,-3.5359368324279785,"{""type"":""Point"",""coordinates"":[-48.706760806789326,-25.41515925073593]}"
00000000000000000431,-3.5351884365081787,"{""type"":""Point"",""coordinates"":[-48.70574413174914,-25.41631861700982]}"
000000000000000000c3,-3.525381565093994,"{""type"":""Point"",""coordinates"":[-48.70952099034141,-25.416198221281384]}"
000000000000000000b2,-3.525341510772705,"{""type"":""Point"",""coordinates"":[-48.70962354966564,-25.416015398138196]}"
00000000000000000323,-3.5223712,"{""type"":""Point"",""coordinates"":[-48.706863366113566,-25.41489170467272]}"
0000000000000000009a,-3.5155832,"{""type"":""Point"",""coordinates"":[-48.70972610898987,-25.415930675218174]}"
0000000000000000039f,-3.5114657878875732,"{""type"":""Point"",""coordinates"":[-48.706350569492415,-25.41569434286234]}"
00000000000000000095,-3.5100535,"{""type"":""Point"",""coordinates"":[-48.70971719078776,-25.416287403302455]}"
00000000000000000473,-3.5086695,"{""type"":""Point"",""coordinates"":[-48.70553901310068,-25.41658616307303]}"
000000000000000000ee,-3.5080651,"{""type"":""Point"",""coordinates"":[-48.70922223057082,-25.416372126222466]}"
000000000000000000c8,-3.5041831,"{""type"":""Point"",""coordinates"":[-48.70942289011823,-25.4162829442014]}"
00000000000000000358,-3.4908367,"{""type"":""Point"",""coordinates"":[-48.70665824746511,-25.415248432757004]}"
00000000000000000340,-3.4906165599823,"{""type"":""Point"",""coordinates"":[-48.706760806789326,-25.415070068714865]}"
00000000000000000085,-3.4855909,"{""type"":""Point"",""coordinates"":[-48.70981975011199,-25.416291862403504]}"
00000000000000000082,-3.4816793,"{""type"":""Point"",""coordinates"":[-48.70992230943622,-25.416019857239245]}"
00000000000000000380,-3.4813778400421143,"{""type"":""Point"",""coordinates"":[-48.70645312881664,-25.415515978820206]}"
00000000000000000091,-3.4768936,"{""type"":""Point"",""coordinates"":[-48.709824209213046,-25.416019857239245]}"
0000000000000000036a,-3.4755949,"{""type"":""Point"",""coordinates"":[-48.706555688140874,-25.415426796799135]}"
00000000000000000038,-3.466139316558838,"{""type"":""Point"",""coordinates"":[-48.71043064695631,-25.415400042192815]}"
0000000000000000007d,-3.464407205581665,"{""type"":""Point"",""coordinates"":[-48.70992676853727,-25.415841493197103]}"
00000000000000000058,-3.4589073,"{""type"":""Point"",""coordinates"":[-48.71011850988257,-25.41629632150456]}"
0000000000000000033d,-3.4471907,"{""type"":""Point"",""coordinates"":[-48.70676080678933,-25.414980886693794]}"
00000000000000000416,-3.445098638534546,"{""type"":""Point"",""coordinates"":[-48.70584669107337,-25.41622943498876]}"
000000000000000003b5,-3.438220739364624,"{""type"":""Point"",""coordinates"":[-48.706252469269245,-25.415783524883413]}"
00000000000000000369,-3.4379771,"{""type"":""Point"",""coordinates"":[-48.706555688140874,-25.415337614778068]}"
00000000000000000449,-3.437854290008545,"{""type"":""Point"",""coordinates"":[-48.705641572424916,-25.4164077990309]}"
00000000000000000413,-3.4365558,"{""type"":""Point"",""coordinates"":[-48.705944791296545,-25.41614025296769]}"
00000000000000000357,-3.4323302,"{""type"":""Point"",""coordinates"":[-48.7066671656672,-25.4147980635506]}"
000000000000000003fa,-3.4307062,"{""type"":""Point"",""coordinates"":[-48.70604735062078,-25.41596188892555]}"
0000000000000000008c,-3.427311658859253,"{""type"":""Point"",""coordinates"":[-48.709828668314096,-25.4158414931971]}"
0000000000000000000d,-3.4271881580352783,"{""type"":""Point"",""coordinates"":[-48.71081858874797,-25.415944052521336]}"
0000000000000000005b,-3.4261410236358643,"{""type"":""Point"",""coordinates"":[-48.710127428084675,-25.415663129154968]}"
000000000000000000a2,-3.4256277084350586,"{""type"":""Point"",""coordinates"":[-48.70972164988881,-25.416109039260316]}"
0000000000000000005d,-3.4195873737335205,"{""type"":""Point"",""coordinates"":[-48.710122968983626,-25.41593513431923]}"
000000000000000000fe,-3.4165326,"{""type"":""Point"",""coordinates"":[-48.709119671246604,-25.416461308243537]}"
00000000000000000067,-3.4160878,"{""type"":""Point"",""coordinates"":[-48.71001595055834,-25.41629632150456]}"
000000000000000003cf,-3.4157582,"{""type"":""Point"",""coordinates"":[-48.706149909945005,-25.41587270690448]}"
0000000000000000048e,-3.415330410003662,"{""type"":""Point"",""coordinates"":[-48.70543645377646,-25.416764527115173]}"
00000000000000000208,-3.4039213,"{""type"":""Point"",""coordinates"":[-48.70801381418535,-25.41707666418891]}"
00000000000000000043,-3.4004163,"{""type"":""Point"",""coordinates"":[-48.710323628531036,-25.41584595229816]}"
00000000000000000076,-3.3984469,"{""type"":""Point"",""coordinates"":[-48.70991785033517,-25.416291862403504]}"
00000000000000000136,-3.3905012,"{""type"":""Point"",""coordinates"":[-48.708919011699194,-25.416639672285672]}"
00000000000000000371,-3.3857736587524414,"{""type"":""Point"",""coordinates"":[-48.70656014724192,-25.415248432757004]}"
0000000000000000002c,-3.3778679370880127,"{""type"":""Point"",""coordinates"":[-48.71053320628055,-25.415310860171743]}"
00000000000000000015,-3.3754453,"{""type"":""Point"",""coordinates"":[-48.71072048852478,-25.415944052521336]}"
0000000000000000033c,-3.370177984237671,"{""type"":""Point"",""coordinates"":[-48.70676526589038,-25.414891704672723]}"
000000000000000004d5,-3.3656091690063477,"{""type"":""Point"",""coordinates"":[-48.70513769400588,-25.416849250035188]}"
000000000000000000db,-3.3639957,"{""type"":""Point"",""coordinates"":[-48.70932033079401,-25.416372126222466]}"
00000000000000000096,-3.3583809,"{""type"":""Point"",""coordinates"":[-48.709717190787764,-25.41638104442457]}"
0000000000000000005f,-3.3444318,"{""type"":""Point"",""coordinates"":[-48.710127428084675,-25.41584595229816]}"
0000000000000000035a,-3.3346618,"{""type"":""Point"",""coordinates"":[-48.7066582474651,-25.41515925073593]}"
000000000000000000a3,-3.3329562,"{""type"":""Point"",""coordinates"":[-48.70961463146353,-25.416470226445643]}"
0000000000000000004c,-3.3320921,"{""type"":""Point"",""coordinates"":[-48.71022998740891,-25.415573947133904]}"
00000000000000000382,-3.3316924,"{""type"":""Point"",""coordinates"":[-48.7064575879177,-25.41542679679913]}"
0000000000000000006c,-3.3301893,"{""type"":""Point"",""coordinates"":[-48.71002486876045,-25.41593513431923]}"
0000000000000000008a,-3.3230729,"{""type"":""Point"",""coordinates"":[-48.709824209213046,-25.41593067521817]}"
000000000000000000c6,-3.3230375,"{""type"":""Point"",""coordinates"":[-48.70941843101718,-25.416465767344594]}"
000000000000000003ce,-3.3226362,"{""type"":""Point"",""coordinates"":[-48.706149909945005,-25.415783524883413]}"
0000000000000000001f,-3.3224751949310303,"{""type"":""Point"",""coordinates"":[-48.710622388301616,-25.415944052521336]}"
00000000000000000034,-3.3207511,"{""type"":""Point"",""coordinates"":[-48.710421728754206,-25.415939593420283]}"
00000000000000000113,-3.3174307346343994,"{""type"":""Point"",""coordinates"":[-48.70901711192238,-25.416550490264605]}"
00000000000000000356,-3.306487560272217,"{""type"":""Point"",""coordinates"":[-48.70666270656615,-25.414976427592734]}"
00000000000000000086,-3.303267240524292,"{""type"":""Point"",""coordinates"":[-48.70981529101094,-25.41638104442457]}"
00000000000000000051,-3.3023116,"{""type"":""Point"",""coordinates"":[-48.71022552830786,-25.41584595229816]}"
00000000000000000399,-3.302147150039673,"{""type"":""Point"",""coordinates"":[-48.706355028593464,-25.415515978820206]}"
000000000000000000a1,-3.2937164306640625,"{""type"":""Point"",""coordinates"":[-48.70972610898987,-25.416019857239245]}"
00000000000000000029,-3.2888598442077637,"{""type"":""Point"",""coordinates"":[-48.71051982897738,-25.415939593420287]}"
0000000000000000039e,-3.287008285522461,"{""type"":""Point"",""coordinates"":[-48.706355028593464,-25.415605160841274]}"
0000000000000000006e,-3.2866022,"{""type"":""Point"",""coordinates"":[-48.71002486876044,-25.4158414931971]}"
0000000000000000006d,-3.2819723,"{""type"":""Point"",""coordinates"":[-48.710029327861506,-25.41575231117604]}"
0000000000000000005e,-3.2793760299682617,"{""type"":""Point"",""coordinates"":[-48.71012742808468,-25.41575231117604]}"
000000000000000000eb,-3.271059989929199,"{""type"":""Point"",""coordinates"":[-48.709217771469774,-25.416461308243534]}"
00000000000000000412,-3.2704693,"{""type"":""Point"",""coordinates"":[-48.70594925039761,-25.41605107094662]}"
00000000000000000175,-3.267359972000122,"{""type"":""Point"",""coordinates"":[-48.70861579282756,-25.416813577226762]}"
00000000000000000472,-3.264253616333008,"{""type"":""Point"",""coordinates"":[-48.70554347220173,-25.416496981051964]}"
000000000000000001a9,-3.263979196548462,"{""type"":""Point"",""coordinates"":[-48.708415133280155,-25.416902759247826]}"
00000000000000000017,-3.250511884689331,"{""type"":""Point"",""coordinates"":[-48.71072048852478,-25.41585487050027]}"
00000000000000000040,-3.2460743,"{""type"":""Point"",""coordinates"":[-48.71033254673315,-25.41548476511283]}"
000000000000000003b8,-3.2412454,"{""type"":""Point"",""coordinates"":[-48.706252469269245,-25.415694342862338]}"
00000000000000000373,-3.2303945,"{""type"":""Point"",""coordinates"":[-48.70656014724192,-25.41515925073593]}"
00000000000000000093,-3.2292629,"{""type"":""Point"",""coordinates"":[-48.70971719078776,-25.416470226445643]}"
00000000000000000355,-3.2290748,"{""type"":""Point"",""coordinates"":[-48.7066671656672,-25.414887245571673]}"
0000000000000000007b,-3.2286386489868164,"{""type"":""Point"",""coordinates"":[-48.70992676853727,-25.415930675218174]}"
0000000000000000048a,-3.220426082611084,"{""type"":""Point"",""coordinates"":[-48.70543645377646,-25.416675345094106]}"
000000000000000001f0,-3.218374252319336,"{""type"":""Point"",""coordinates"":[-48.708116373509576,-25.41707666418891]}"
00000000000000000059,-3.2115077,"{""type"":""Point"",""coordinates"":[-48.71011405078153,-25.416385503525632]}"
0000000000000000000e,-3.2087322,"{""type"":""Point"",""coordinates"":[-48.71082304784902,-25.415765688479198]}"
00000000000000000021,-3.2025655,"{""type"":""Point"",""coordinates"":[-48.710622388301616,-25.415850411399212]}"
00000000000000000036,-3.1996854,"{""type"":""Point"",""coordinates"":[-48.710421728754206,-25.415850411399212]}"
00000000000000000359,-3.1916386,"{""type"":""Point"",""coordinates"":[-48.70666270656615,-25.41507006871486]}"
0000000000000000039b,-3.1898557,"{""type"":""Point"",""coordinates"":[-48.706355028593464,-25.41542679679914]}"
00000000000000000370,-3.1894191,"{""type"":""Point"",""coordinates"":[-48.70656906544403,-25.414798063550595]}"
00000000000000000077,-3.1882619857788086,"{""type"":""Point"",""coordinates"":[-48.70991785033517,-25.41638104442457]}"
0000000000000000002b,-3.1705536,"{""type"":""Point"",""coordinates"":[-48.71052428807844,-25.415850411399212]}"
0000000000000000000f,-3.1702777,"{""type"":""Point"",""coordinates"":[-48.71081858874797,-25.41585487050027]}"
00000000000000000008,-3.1699986457824707,"{""type"":""Point"",""coordinates"":[-48.710921148072195,-25.41585487050027]}"
00000000000000000381,-3.1680191,"{""type"":""Point"",""coordinates"":[-48.7064575879177,-25.415337614778068]}"
000000000000000003d1,-3.1619173,"{""type"":""Point"",""coordinates"":[-48.70615436904607,-25.41569434286234]}"
00000000000000000430,-3.1518607139587402,"{""type"":""Point"",""coordinates"":[-48.70574413174914,-25.41622943498876]}"
000000000000000004be,-3.1497059,"{""type"":""Point"",""coordinates"":[-48.705235794229054,-25.416849250035185]}"
00000000000000000068,-3.1392404,"{""type"":""Point"",""coordinates"":[-48.71001595055835,-25.416385503525632]}"
00000000000000000448,-3.1376048,"{""type"":""Point"",""coordinates"":[-48.705646031525966,-25.416314157908772]}"
00000000000000000149,-3.1362831,"{""type"":""Point"",""coordinates"":[-48.708816452374975,-25.416728854306744]}"
000000000000000000ff,-3.127643585205078,"{""type"":""Point"",""coordinates"":[-48.70911967124661,-25.41655049026461]}"
000000000000000000d8,-3.1270803,"{""type"":""Point"",""coordinates"":[-48.70932033079401,-25.416465767344594]}"
000000000000000003b7,-3.1182808,"{""type"":""Point"",""coordinates"":[-48.706252469269245,-25.415605160841274]}"
00000000000000000084,-3.1055712699890137,"{""type"":""Point"",""coordinates"":[-48.70981529101095,-25.416470226445643]}"
000000000000000004eb,-3.0901661,"{""type"":""Point"",""coordinates"":[-48.70503959378271,-25.416760068014117]}"
0000000000000000042d,-3.0852651,"{""type"":""Point"",""coordinates"":[-48.70584669107337,-25.41614025296769]}"
000000000000000004d4,-3.0814405,"{""type"":""Point"",""coordinates"":[-48.70513769400588,-25.416760068014117]}"
000000000000000003e8,-3.0778314,"{""type"":""Point"",""coordinates"":[-48.706051809721835,-25.41587270690448]}"
0000000000000000036e,-3.069880962371826,"{""type"":""Point"",""coordinates"":[-48.70656460634298,-25.414887245571673]}"
00000000000000000372,-3.067416191101074,"{""type"":""Point"",""coordinates"":[-48.70656014724192,-25.415065609613812]}"
0000000000000000036f,-3.066361904144287,"{""type"":""Point"",""coordinates"":[-48.70656460634298,-25.414976427592737]}"
00000000000000000020,-3.0655259,"{""type"":""Point"",""coordinates"":[-48.710622388301616,-25.415761229378145]}"
00000000000000000035,-3.0605136,"{""type"":""Point"",""coordinates"":[-48.71042618785526,-25.415756770277095]}"
00000000000000000042,-3.0538271,"{""type"":""Point"",""coordinates"":[-48.71032362853103,-25.415756770277095]}"
00000000000000000414,-3.0535929,"{""type"":""Point"",""coordinates"":[-48.70594925039761,-25.41596188892555]}"
000000000000000003b2,-3.0525104999542236,"{""type"":""Point"",""coordinates"":[-48.706256928370294,-25.415511519719157]}"
0000000000000000048c,-3.0521788597106934,"{""type"":""Point"",""coordinates"":[-48.705440912877506,-25.41658170397198]}"
000000000000000000ec,-3.0440995,"{""type"":""Point"",""coordinates"":[-48.709217771469774,-25.416550490264605]}"
0000000000000000039a,-3.0393793,"{""type"":""Point"",""coordinates"":[-48.70635948769453,-25.415333155677015]}"
00000000000000000050,-3.037524461746216,"{""type"":""Point"",""coordinates"":[-48.71022552830786,-25.415756770277095]}"
00000000000000000462,-3.0369257,"{""type"":""Point"",""coordinates"":[-48.70554347220175,-25.416403339929843]}"
00000000000000000016,-3.0338978,"{""type"":""Point"",""coordinates"":[-48.71072494762584,-25.415765688479198]}"
000000000000000001bf,-3.025860071182251,"{""type"":""Point"",""coordinates"":[-48.70831257395593,-25.416991941268897]}"
0000000000000000038a,-3.0175236,"{""type"":""Point"",""coordinates"":[-48.706457587917704,-25.415243973655944]}"
000000000000000000c7,-3.0151237,"{""type"":""Point"",""coordinates"":[-48.70941397191613,-25.416554949365658]}"
0000000000000000038c,-3.0067896842956543,"{""type"":""Point"",""coordinates"":[-48.706462047018746,-25.415154791634876]}"
00000000000000000013,-3.001025438308716,"{""type"":""Point"",""coordinates"":[-48.71072494762584,-25.415672047357074]}"
000000000000000003e7,-3.0005077,"{""type"":""Point"",""coordinates"":[-48.706051809721835,-25.41577906578236]}"
00000000000000000075,-2.9875005,"{""type"":""Point"",""coordinates"":[-48.70991339123411,-25.4164746855467]}"
000000000000000001d8,-2.9846089,"{""type"":""Point"",""coordinates"":[-48.708214473732745,-25.417076664188915]}"
00000000000000000387,-2.974940776824951,"{""type"":""Point"",""coordinates"":[-48.7064665061198,-25.414882786470617]}"
00000000000000000191,-2.9719138145446777,"{""type"":""Point"",""coordinates"":[-48.70851323350333,-25.416902759247826]}"
00000000000000000389,-2.970472574234009,"{""type"":""Point"",""coordinates"":[-48.7064665061198,-25.414793604449546]}"
0000000000000000002a,-2.9649893,"{""type"":""Point"",""coordinates"":[-48.71052428807844,-25.415761229378145]}"
0000000000000000038b,-2.9585165,"{""type"":""Point"",""coordinates"":[-48.706462047018746,-25.41506560961381]}"
00000000000000000122,-2.9498857,"{""type"":""Point"",""coordinates"":[-48.70901711192238,-25.416639672285672]}"
000000000000000000d9,-2.9487641,"{""type"":""Point"",""coordinates"":[-48.70931587169295,-25.416554949365658]}"
00000000000000000032,-2.9369559288024902,"{""type"":""Point"",""coordinates"":[-48.71042618785526,-25.415667588256024]}"
0000000000000000001d,-2.9322489,"{""type"":""Point"",""coordinates"":[-48.71062684740267,-25.415672047357074]}"
000000000000000003bd,-2.9321898,"{""type"":""Point"",""coordinates"":[-48.7062658465724,-25.415061150512752]}"
00000000000000000001,-2.9306549,"{""type"":""Point"",""coordinates"":[-48.711023707396414,-25.41567650645813]}"
000000000000000003b4,-2.9280340671539307,"{""type"":""Point"",""coordinates"":[-48.70625692837029,-25.415422337698086]}"
000000000000000003d0,-2.926136016845703,"{""type"":""Point"",""coordinates"":[-48.70615436904606,-25.41560070174022]}"
000000000000000003a3,-2.9259839,"{""type"":""Point"",""coordinates"":[-48.70635948769453,-25.415243973655944]}"
000000000000000003a5,-2.9199144,"{""type"":""Point"",""coordinates"":[-48.70636394679557,-25.415154791634876]}"
00000000000000000446,-2.9058310985565186,"{""type"":""Point"",""coordinates"":[-48.7057485908502,-25.416135793866633]}"
00000000000000000007,-2.8919311,"{""type"":""Point"",""coordinates"":[-48.710921148072195,-25.415765688479198]}"
000000000000000003b3,-2.8912383,"{""type"":""Point"",""coordinates"":[-48.706256928370294,-25.415333155677015]}"
00000000000000000033,-2.8697125,"{""type"":""Point"",""coordinates"":[-48.71043064695631,-25.415489224213886]}"
00000000000000000388,-2.8681609630584717,"{""type"":""Point"",""coordinates"":[-48.7064665061198,-25.414976427592734]}"
000000000000000003a4,-2.862621307373047,"{""type"":""Point"",""coordinates"":[-48.70636394679557,-25.41506560961381]}"
000000000000000000b5,-2.8600942,"{""type"":""Point"",""coordinates"":[-48.70951653124037,-25.416554949365658]}"
000000000000000003ea,-2.8587219,"{""type"":""Point"",""coordinates"":[-48.706051809721835,-25.415689883761292]}"
000000000000000004fd,-2.857769727706909,"{""type"":""Point"",""coordinates"":[-48.704941493559524,-25.416666426891997]}"
00000000000000000031,-2.8536262,"{""type"":""Point"",""coordinates"":[-48.71043064695632,-25.415578406234953]}"
000000000000000003be,-2.8529533,"{""type"":""Point"",""coordinates"":[-48.70626138747135,-25.415150332533827]}"
0000000000000000004d,-2.8491501,"{""type"":""Point"",""coordinates"":[-48.71022998740891,-25.415667588256024]}"
0000000000000000044a,-2.8335156440734863,"{""type"":""Point"",""coordinates"":[-48.705646031525966,-25.416224975887708]}"
0000000000000000015f,-2.8317941,"{""type"":""Point"",""coordinates"":[-48.70871389305074,-25.416813577226762]}"
000000000000000004a6,-2.8289621,"{""type"":""Point"",""coordinates"":[-48.70533835355328,-25.416764527115173]}"
000000000000000003cb,-2.8120288,"{""type"":""Point"",""coordinates"":[-48.70615436904606,-25.415511519719157]}"
000000000000000004e8,-2.8060362339019775,"{""type"":""Point"",""coordinates"":[-48.70503959378271,-25.416666426891993]}"
00000000000000000402,-2.802556276321411,"{""type"":""Point"",""coordinates"":[-48.7059492503976,-25.415868247803427]}"
000000000000000003a0,-2.8020147,"{""type"":""Point"",""coordinates"":[-48.706368405896626,-25.41488278647062]}"
00000000000000000026,-2.7930356,"{""type"":""Point"",""coordinates"":[-48.71052874717948,-25.415578406234953]}"
00000000000000000461,-2.7924280166625977,"{""type"":""Point"",""coordinates"":[-48.70554347220174,-25.41631415790877]}"
000000000000000003bc,-2.7900959,"{""type"":""Point"",""coordinates"":[-48.70626138747135,-25.415243973655947]}"
0000000000000000003e,-2.7879718,"{""type"":""Point"",""coordinates"":[-48.710328087632085,-25.415578406234953]}"
00000000000000000022,-2.7789754,"{""type"":""Point"",""coordinates"":[-48.71063130650372,-25.415310860171743]}"
0000000000000000048b,-2.7789084,"{""type"":""Point"",""coordinates"":[-48.705440912877506,-25.416492521950907]}"
000000000000000003a1,-2.770491123199463,"{""type"":""Point"",""coordinates"":[-48.70636394679557,-25.414971968491685]}"
0000000000000000001c,-2.7682553,"{""type"":""Point"",""coordinates"":[-48.710626847402665,-25.415582865336006]}"
000000000000000003a2,-2.7648112,"{""type"":""Point"",""coordinates"":[-48.706368405896626,-25.414793604449546]}"
000000000000000003d6,-2.7642628,"{""type"":""Point"",""coordinates"":[-48.70616328724817,-25.415061150512752]}"
00000000000000000012,-2.7634665,"{""type"":""Point"",""coordinates"":[-48.71072494762584,-25.415582865336003]}"
0000000000000000003f,-2.7606095,"{""type"":""Point"",""coordinates"":[-48.710328087632085,-25.41566758825602]}"
00000000000000000027,-2.7543284,"{""type"":""Point"",""coordinates"":[-48.71052428807844,-25.415672047357074]}"
00000000000000000525,-2.7536486,"{""type"":""Point"",""coordinates"":[-48.70474529311316,-25.416572785769873]}"
000000000000000003cd,-2.7369577884674072,"{""type"":""Point"",""coordinates"":[-48.70615882814711,-25.415422337698086]}"
000000000000000003d7,-2.7362990379333496,"{""type"":""Point"",""coordinates"":[-48.70616328724817,-25.415150332533827]}"
00000000000000000000,-2.7272496223449707,"{""type"":""Point"",""coordinates"":[-48.711023707396414,-25.41558732443706]}"
000000000000000003cc,-2.7270452976226807,"{""type"":""Point"",""coordinates"":[-48.70615882814712,-25.415333155677015]}"
00000000000000000134,-2.722810745239258,"{""type"":""Point"",""coordinates"":[-48.70891455259814,-25.416728854306744]}"
00000000000000000401,-2.7211039,"{""type"":""Point"",""coordinates"":[-48.70595370949866,-25.415779065782356]}"
0000000000000000000b,-2.7202351,"{""type"":""Point"",""coordinates"":[-48.71082304784902,-25.41567650645813]}"
0000000000000000042c,-2.7201454,"{""type"":""Point"",""coordinates"":[-48.705846691073376,-25.416046611845566]}"
000000000000000000a4,-2.7158621,"{""type"":""Point"",""coordinates"":[-48.70961463146353,-25.416559408466714]}"
00000000000000000004,-2.7108059,"{""type"":""Point"",""coordinates"":[-48.71092560717325,-25.41558732443706]}"
000000000000000003d5,-2.7096909,"{""type"":""Point"",""coordinates"":[-48.70616328724817,-25.415239514554898]}"
000000000000000004bd,-2.7075157165527344,"{""type"":""Point"",""coordinates"":[-48.705240253330096,-25.416760068014117]}"
00000000000000000006,-2.7068285942077637,"{""type"":""Point"",""coordinates"":[-48.710925607173245,-25.415498142415995]}"
00000000000000000009,-2.7033485,"{""type"":""Point"",""coordinates"":[-48.7109300662743,-25.415404501293867]}"
00000000000000000028,-2.7023940086364746,"{""type"":""Point"",""coordinates"":[-48.71052874717949,-25.415489224213886]}"
000000000000000003ee,-2.7011965,"{""type"":""Point"",""coordinates"":[-48.70606072792394,-25.415239514554894]}"
00000000000000000005,-2.6942038,"{""type"":""Point"",""coordinates"":[-48.71092560717324,-25.41567650645813]}"
0000000000000000010e,-2.694052219390869,"{""type"":""Point"",""coordinates"":[-48.709115212145555,-25.416639672285672]}"
000000000000000003e9,-2.6938781,"{""type"":""Point"",""coordinates"":[-48.706056268822884,-25.41560070174022]}"
000000000000000003d3,-2.6823009,"{""type"":""Point"",""coordinates"":[-48.70616774634922,-25.414971968491688]}"
000000000000000003ba,-2.6810058,"{""type"":""Point"",""coordinates"":[-48.70626584657239,-25.414971968491685]}"
00000000000000000002,-2.6701149940490723,"{""type"":""Point"",""coordinates"":[-48.71102816649748,-25.41549814241599]}"
0000000000000000000a,-2.6699153,"{""type"":""Point"",""coordinates"":[-48.710827506950075,-25.415582865336003]}"
000000000000000003e5,-2.667395830154419,"{""type"":""Point"",""coordinates"":[-48.70606072792394,-25.415328696575965]}"
00000000000000000003,-2.6668853759765625,"{""type"":""Point"",""coordinates"":[-48.711028166497485,-25.415408960394924]}"
000000000000000004a2,-2.6656732,"{""type"":""Point"",""coordinates"":[-48.70533835355328,-25.41667088599305]}"
0000000000000000001e,-2.6634401,"{""type"":""Point"",""coordinates"":[-48.710626847402665,-25.415489224213882]}"
0000000000000000000c,-2.661709785461426,"{""type"":""Point"",""coordinates"":[-48.710827506950075,-25.41549368331494]}"
00000000000000000445,-2.6440499,"{""type"":""Point"",""coordinates"":[-48.7057485908502,-25.416046611845562]}"
00000000000000000023,-2.6425532,"{""type"":""Point"",""coordinates"":[-48.71063130650372,-25.415400042192815]}"
0000000000000000047b,-2.6384107,"{""type"":""Point"",""coordinates"":[-48.705445371978556,-25.416403339929843]}"
000000000000000003e4,-2.6366941928863525,"{""type"":""Point"",""coordinates"":[-48.706056268822884,-25.415511519719157]}"
000000000000000003bb,-2.6302391,"{""type"":""Point"",""coordinates"":[-48.70627030567345,-25.414793604449546]}"
000000000000000003e6,-2.6287665367126465,"{""type"":""Point"",""coordinates"":[-48.70606072792394,-25.41541787859703]}"
0000000000000000002d,-2.628633499145508,"{""type"":""Point"",""coordinates"":[-48.71053320628055,-25.415400042192815]}"
00000000000000000404,-2.6280156,"{""type"":""Point"",""coordinates"":[-48.70595370949866,-25.415689883761292]}"
00000000000000000011,-2.6131393909454346,"{""type"":""Point"",""coordinates"":[-48.71082750695007,-25.41540450129387]}"
0000000000000000045f,-2.6125931,"{""type"":""Point"",""coordinates"":[-48.705646031525966,-25.416135793866633]}"
000000000000000000fa,-2.608510732650757,"{""type"":""Point"",""coordinates"":[-48.709217771469774,-25.416644131386725]}"
000000000000000001a7,-2.6081406,"{""type"":""Point"",""coordinates"":[-48.708415133280155,-25.416991941268897]}"
000000000000000003b9,-2.6060993,"{""type"":""Point"",""coordinates"":[-48.70626584657239,-25.41488278647062]}"
000000000000000001c0,-2.5931561,"{""type"":""Point"",""coordinates"":[-48.70831257395593,-25.417081123289964]}"
000000000000000003f0,-2.5863746,"{""type"":""Point"",""coordinates"":[-48.70606518702498,-25.415150332533827]}"
00000000000000000512,-2.5823266,"{""type"":""Point"",""coordinates"":[-48.70484339333635,-25.416572785769873]}"
00000000000000000400,-2.5796017,"{""type"":""Point"",""coordinates"":[-48.70595816859971,-25.41541787859703]}"
000000000000000003fe,-2.5779354,"{""type"":""Point"",""coordinates"":[-48.70595816859971,-25.415507060618097]}"
000000000000000004d1,-2.576080322265625,"{""type"":""Point"",""coordinates"":[-48.70514215310693,-25.416670885993046]}"
00000000000000000014,-2.5759484,"{""type"":""Point"",""coordinates"":[-48.7107294067269,-25.415493683314935]}"
00000000000000000019,-2.5745825,"{""type"":""Point"",""coordinates"":[-48.7107294067269,-25.41540450129387]}"
00000000000000000403,-2.5716017,"{""type"":""Point"",""coordinates"":[-48.705953709498665,-25.41560070174022]}"
00000000000000000010,-2.5699934,"{""type"":""Point"",""coordinates"":[-48.710831966051124,-25.415315319272803]}"
00000000000000000447,-2.5697977542877197,"{""type"":""Point"",""coordinates"":[-48.7057485908502,-25.415957429824495]}"
0000000000000000042e,-2.5629033,"{""type"":""Point"",""coordinates"":[-48.705851150174425,-25.415957429824495]}"
000000000000000004a4,-2.5490442,"{""type"":""Point"",""coordinates"":[-48.70534281265432,-25.41658170397198]}"
000000000000000003ff,-2.5488414,"{""type"":""Point"",""coordinates"":[-48.705962627700764,-25.415328696575962]}"
00000000000000000463,-2.522367238998413,"{""type"":""Point"",""coordinates"":[-48.705547931302796,-25.416224975887708]}"
000000000000000004ff,-2.5193649,"{""type"":""Point"",""coordinates"":[-48.704941493559524,-25.416577244870926]}"
00000000000000000408,-2.5192051,"{""type"":""Point"",""coordinates"":[-48.705962627700764,-25.415239514554894]}"
000000000000000003d2,-2.5061587,"{""type"":""Point"",""coordinates"":[-48.70616774634923,-25.414878327369564]}"
00000000000000000094,-2.5054329,"{""type"":""Point"",""coordinates"":[-48.709712731686714,-25.416559408466714]}"
00000000000000000432,-2.4866563,"{""type"":""Point"",""coordinates"":[-48.705757509052304,-25.415507060618097]}"
000000000000000003ec,-2.482199192047119,"{""type"":""Point"",""coordinates"":[-48.70606518702499,-25.41496750939063]}"
00000000000000000477,-2.474165201187134,"{""type"":""Point"",""coordinates"":[-48.705547931302796,-25.416042152744513]}"
000000000000000003d4,-2.4720722,"{""type"":""Point"",""coordinates"":[-48.70616774634922,-25.414789145348497]}"
0000000000000000041e,-2.467630624771118,"{""type"":""Point"",""coordinates"":[-48.70585560927548,-25.415689883761292]}"
00000000000000000436,-2.4616708,"{""type"":""Point"",""coordinates"":[-48.70575304995125,-25.415868247803427]}"
0000000000000000047a,-2.4607603549957275,"{""type"":""Point"",""coordinates"":[-48.705445371978556,-25.416314157908776]}"
0000000000000000041d,-2.4552463,"{""type"":""Point"",""coordinates"":[-48.70585560927548,-25.415596242639168]}"
00000000000000000537,-2.4547785,"{""type"":""Point"",""coordinates"":[-48.70464719289,-25.41647914464775]}"
0000000000000000041b,-2.4497505,"{""type"":""Point"",""coordinates"":[-48.705851150174425,-25.415779065782356]}"
000000000000000004ea,-2.4446448,"{""type"":""Point"",""coordinates"":[-48.70504405288374,-25.416577244870926]}"
000000000000000003eb,-2.4390371,"{""type"":""Point"",""coordinates"":[-48.706069646126046,-25.414878327369564]}"
000000000000000000e7,-2.4353613,"{""type"":""Point"",""coordinates"":[-48.70931587169295,-25.416644131386725]}"
000000000000000004a3,-2.4219720363616943,"{""type"":""Point"",""coordinates"":[-48.70534281265434,-25.416492521950907]}"
00000000000000000179,-2.4207262992858887,"{""type"":""Point"",""coordinates"":[-48.70861579282756,-25.416902759247826]}"
00000000000000000018,-2.4194518,"{""type"":""Point"",""coordinates"":[-48.71073386582795,-25.415310860171743]}"
00000000000000000460,-2.416139602661133,"{""type"":""Point"",""coordinates"":[-48.70565049062702,-25.4159574298245]}"
0000000000000000041c,-2.3980573,"{""type"":""Point"",""coordinates"":[-48.705851150174425,-25.415868247803427]}"
00000000000000000418,-2.3916271,"{""type"":""Point"",""coordinates"":[-48.70586006837653,-25.415507060618097]}"
00000000000000000434,-2.390101194381714,"{""type"":""Point"",""coordinates"":[-48.70576196815336,-25.41541341949598]}"
00000000000000000435,-2.3872876167297363,"{""type"":""Point"",""coordinates"":[-48.70575304995125,-25.4157746066813]}"
0000000000000000045e,-2.3872122764587402,"{""type"":""Point"",""coordinates"":[-48.70565049062702,-25.416046611845566]}"
000000000000000003ef,-2.386275291442871,"{""type"":""Point"",""coordinates"":[-48.70606518702499,-25.415061150512752]}"
00000000000000000437,-2.3824832439422607,"{""type"":""Point"",""coordinates"":[-48.705757509052304,-25.415596242639168]}"
0000000000000000044f,-2.381190776824951,"{""type"":""Point"",""coordinates"":[-48.70565049062703,-25.415863788702374]}"
0000000000000000014a,-2.3794861,"{""type"":""Point"",""coordinates"":[-48.70881645237497,-25.416818036327815]}"
00000000000000000478,-2.371638059616089,"{""type"":""Point"",""coordinates"":[-48.705547931302796,-25.416135793866633]}"
0000000000000000047c,-2.3619517,"{""type"":""Point"",""coordinates"":[-48.70544537197856,-25.416224975887708]}"
00000000000000000120,-2.3553999,"{""type"":""Point"",""coordinates"":[-48.70901711192238,-25.416728854306744]}"
000000000000000003f5,-2.3525946140289307,"{""type"":""Point"",""coordinates"":[-48.70607410522711,-25.414699963327426]}"
00000000000000000450,-2.3341941,"{""type"":""Point"",""coordinates"":[-48.70565940882913,-25.415596242639168]}"
00000000000000000494,-2.3300487995147705,"{""type"":""Point"",""coordinates"":[-48.70534281265434,-25.416403339929843]}"
000000000000000003ed,-2.3261754,"{""type"":""Point"",""coordinates"":[-48.706069646126046,-25.414789145348497]}"
00000000000000000524,-2.315499782562256,"{""type"":""Point"",""coordinates"":[-48.70474529311316,-25.4164836037488]}"
00000000000000000438,-2.3154989,"{""type"":""Point"",""coordinates"":[-48.705757509052304,-25.41568542466024]}"
0000000000000000040a,-2.30747389793396,"{""type"":""Point"",""coordinates"":[-48.705962627700764,-25.41514587343277]}"
000000000000000000d4,-2.297974109649658,"{""type"":""Point"",""coordinates"":[-48.70941397191613,-25.41664413138673]}"
00000000000000000490,-2.297372341156006,"{""type"":""Point"",""coordinates"":[-48.70544983107961,-25.416042152744513]}"
000000000000000004ba,-2.2958351,"{""type"":""Point"",""coordinates"":[-48.705240253330096,-25.416670885993046]}"
00000000000000000422,-2.288881301879883,"{""type"":""Point"",""coordinates"":[-48.70586452747759,-25.415235055453838]}"
00000000000000000511,-2.2842394,"{""type"":""Point"",""coordinates"":[-48.7048478524374,-25.4164836037488]}"
00000000000000000491,-2.279402494430542,"{""type"":""Point"",""coordinates"":[-48.70544983107961,-25.416131334765584]}"
00000000000000000479,-2.2780325412750244,"{""type"":""Point"",""coordinates"":[-48.705552390403845,-25.41595297072344]}"
0000000000000000041a,-2.2765091,"{""type"":""Point"",""coordinates"":[-48.70586006837653,-25.41541787859703]}"
00000000000000000419,-2.2744152,"{""type"":""Point"",""coordinates"":[-48.70586006837653,-25.415328696575962]}"
00000000000000000406,-2.2737385,"{""type"":""Point"",""coordinates"":[-48.70596708680181,-25.41496750939063]}"
00000000000000000409,-2.2668848037719727,"{""type"":""Point"",""coordinates"":[-48.70596708680181,-25.415056691411696]}"
00000000000000000469,-2.2638418,"{""type"":""Point"",""coordinates"":[-48.70555684950489,-25.41559178353812]}"
000000000000000004fe,-2.2627999782562256,"{""type"":""Point"",""coordinates"":[-48.70494595266057,-25.416483603748805]}"
0000000000000000044b,-2.2575719356536865,"{""type"":""Point"",""coordinates"":[-48.70565940882913,-25.415502601517044]}"
0000000000000000046a,-2.2554161,"{""type"":""Point"",""coordinates"":[-48.70555684950489,-25.415680965559186]}"
0000000000000000044e,-2.2535941,"{""type"":""Point"",""coordinates"":[-48.70565494972808,-25.4157746066813]}"
00000000000000000420,-2.2471966,"{""type"":""Point"",""coordinates"":[-48.705868986578636,-25.41496750939063]}"
000000000000000004bc,-2.2469388,"{""type"":""Point"",""coordinates"":[-48.7052402533301,-25.41658170397198]}"
0000000000000000053c,-2.219082832336426,"{""type"":""Point"",""coordinates"":[-48.70454909266681,-25.416389962626685]}"
00000000000000000423,-2.2163188457489014,"{""type"":""Point"",""coordinates"":[-48.705864527477594,-25.4150566914117]}"
00000000000000000493,-2.210432291030884,"{""type"":""Point"",""coordinates"":[-48.705347271755386,-25.416309698807716]}"
00000000000000000405,-2.2098319,"{""type"":""Point"",""coordinates"":[-48.70597154590287,-25.41487832736956]}"
00000000000000000451,-2.2087502479553223,"{""type"":""Point"",""coordinates"":[-48.70565494972807,-25.41568542466024]}"
000000000000000004bb,-2.2073702812194824,"{""type"":""Point"",""coordinates"":[-48.70524471243116,-25.416492521950907]}"
00000000000000000407,-2.1829609,"{""type"":""Point"",""coordinates"":[-48.70597154590287,-25.414784686247444]}"
00000000000000000467,-2.1769219,"{""type"":""Point"",""coordinates"":[-48.705556849504895,-25.4157746066813]}"
0000000000000000044d,-2.1734878,"{""type"":""Point"",""coordinates"":[-48.70565940882913,-25.415413419495977]}"
00000000000000000433,-2.167506217956543,"{""type"":""Point"",""coordinates"":[-48.70576196815336,-25.415324237474906]}"
000000000000000004ac,-2.1655071,"{""type"":""Point"",""coordinates"":[-48.70524471243116,-25.416398880828787]}"
0000000000000000040f,-2.1553058,"{""type"":""Point"",""coordinates"":[-48.70597154590287,-25.41469550422637]}"
0000000000000000010c,-2.154444932937622,"{""type"":""Point"",""coordinates"":[-48.709115212145555,-25.416733313407796]}"
00000000000000000424,-2.1536128520965576,"{""type"":""Point"",""coordinates"":[-48.70586452747759,-25.41514587343277]}"
00000000000000000468,-2.1439365,"{""type"":""Point"",""coordinates"":[-48.70555239040384,-25.415863788702374]}"
0000000000000000043d,-2.1421229,"{""type"":""Point"",""coordinates"":[-48.70576642725441,-25.4150566914117]}"
0000000000000000041f,-2.135451555252075,"{""type"":""Point"",""coordinates"":[-48.70586898657864,-25.41487386826851]}"
000000000000000004d3,-2.13388991355896,"{""type"":""Point"",""coordinates"":[-48.70514215310692,-25.416577244870926]}"
0000000000000000043a,-2.1312607,"{""type"":""Point"",""coordinates"":[-48.70577088635547,-25.41496305028958]}"
0000000000000000055a,-2.1303879,"{""type"":""Point"",""coordinates"":[-48.70435289222046,-25.416296321504554]}"
00000000000000000495,-2.1275536,"{""type"":""Point"",""coordinates"":[-48.70534727175539,-25.416220516786648]}"
000000000000000004cc,-2.1270183,"{""type"":""Point"",""coordinates"":[-48.7051733668143,-25.414864950066406]}"
00000000000000000464,-2.1166002,"{""type"":""Point"",""coordinates"":[-48.70556130860595,-25.41550260151704]}"
0000000000000000043c,-2.1102514266967773,"{""type"":""Point"",""coordinates"":[-48.705761968153354,-25.415235055453838]}"
0000000000000000043e,-2.1092658042907715,"{""type"":""Point"",""coordinates"":[-48.70576642725441,-25.41514587343277]}"
00000000000000000492,-2.1071757,"{""type"":""Point"",""coordinates"":[-48.70545429018066,-25.41595297072344]}"
0000000000000000050d,-2.1069902,"{""type"":""Point"",""coordinates"":[-48.70487460704372,-25.41494967298642]}"
00000000000000000421,-2.0977448,"{""type"":""Point"",""coordinates"":[-48.70587344567969,-25.41478468624744]}"
00000000000000000523,-2.0856396,"{""type"":""Point"",""coordinates"":[-48.7047720477195,-25.415038855007484]}"
00000000000000000536,-2.084052562713623,"{""type"":""Point"",""coordinates"":[-48.70467394749632,-25.41503885500749]}"
0000000000000000052a,-2.0831035,"{""type"":""Point"",""coordinates"":[-48.70464719289,-25.416389962626685]}"
0000000000000000018f,-2.0786027,"{""type"":""Point"",""coordinates"":[-48.708513233503325,-25.416991941268893]}"
0000000000000000044c,-2.0763120651245117,"{""type"":""Point"",""coordinates"":[-48.70566386793019,-25.415324237474906]}"
0000000000000000046d,-2.0645579,"{""type"":""Point"",""coordinates"":[-48.70557468590911,-25.414780227146387]}"
000000000000000000c2,-2.0620986,"{""type"":""Point"",""coordinates"":[-48.709512072139304,-25.41664859048778]}"
00000000000000000520,-2.0563431,"{""type"":""Point"",""coordinates"":[-48.704776506820544,-25.41494967298642]}"
000000000000000004f9,-2.0511597,"{""type"":""Point"",""coordinates"":[-48.7049727072669,-25.41494967298642]}"
00000000000000000454,-2.049149751663208,"{""type"":""Point"",""coordinates"":[-48.70567278613229,-25.414780227146387]}"
00000000000000000439,-2.0449887,"{""type"":""Point"",""coordinates"":[-48.70577088635547,-25.41487386826851]}"
00000000000000000482,-2.021188735961914,"{""type"":""Point"",""coordinates"":[-48.70545874928173,-25.41559178353812]}"
00000000000000000453,-2.017984628677368,"{""type"":""Point"",""coordinates"":[-48.705668327031226,-25.41496305028958]}"
000000000000000004a8,-2.0179145336151123,"{""type"":""Point"",""coordinates"":[-48.705351730856435,-25.416042152744513]}"
000000000000000001a8,-2.0169808,"{""type"":""Point"",""coordinates"":[-48.708410674179106,-25.41708112328996]}"
000000000000000004a9,-2.0166446,"{""type"":""Point"",""coordinates"":[-48.70534727175539,-25.41613133476558]}"
000000000000000004d2,-2.0113959,"{""type"":""Point"",""coordinates"":[-48.70514215310693,-25.416488062849854]}"
00000000000000000455,-2.0102852,"{""type"":""Point"",""coordinates"":[-48.70566386793019,-25.41523505545384]}"
0000000000000000055d,-2.009495973587036,"{""type"":""Point"",""coordinates"":[-48.70437072862469,-25.41530194196964]}"
00000000000000000517,-2.0086827278137207,"{""type"":""Point"",""coordinates"":[-48.70474975221422,-25.41639442172773]}"
000000000000000004ab,-2.0078265,"{""type"":""Point"",""coordinates"":[-48.70524471243116,-25.416309698807716]}"
00000000000000000547,-2.0047852993011475,"{""type"":""Point"",""coordinates"":[-48.704575847273134,-25.41503439590643]}"
000000000000000004e9,-2.0024546,"{""type"":""Point"",""coordinates"":[-48.70504405288374,-25.416488062849854]}"
00000000000000000456,-2.0017638206481934,"{""type"":""Point"",""coordinates"":[-48.705668327031226,-25.415052232310646]}"
00000000000000000484,-1.9991067,"{""type"":""Point"",""coordinates"":[-48.70547212658488,-25.41486940916745]}"
00000000000000000466,-1.995640754699707,"{""type"":""Point"",""coordinates"":[-48.70556130860595,-25.41541341949598]}"
000000000000000004aa,-1.9948104,"{""type"":""Point"",""coordinates"":[-48.705351730856435,-25.415948511622393]}"
000000000000000004e3,-1.9919300079345703,"{""type"":""Point"",""coordinates"":[-48.70507526659112,-25.414864950066406]}"
0000000000000000043b,-1.9875309,"{""type"":""Point"",""coordinates"":[-48.70577088635547,-25.414784686247444]}"
000000000000000004b5,-1.9874383211135864,"{""type"":""Point"",""coordinates"":[-48.70527592613853,-25.414864950066406]}"
00000000000000000465,-1.9874167442321777,"{""type"":""Point"",""coordinates"":[-48.70556130860595,-25.415324237474906]}"
00000000000000000457,-1.9861243963241577,"{""type"":""Point"",""coordinates"":[-48.70566832703123,-25.415141414331714]}"
0000000000000000046b,-1.985986590385437,"{""type"":""Point"",""coordinates"":[-48.70557022680806,-25.414869409167455]}"
00000000000000000504,-1.9761288166046143,"{""type"":""Point"",""coordinates"":[-48.70484785243741,-25.416394421727734]}"
0000000000000000049a,-1.9754806756973267,"{""type"":""Point"",""coordinates"":[-48.70535618995749,-25.41585932960133]}"
0000000000000000049d,-1.974473476409912,"{""type"":""Point"",""coordinates"":[-48.7053740263617,-25.41486940916745]}"
00000000000000000545,-1.9718304872512817,"{""type"":""Point"",""coordinates"":[-48.704571388172084,-25.415128037028552]}"
00000000000000000521,-1.9646753072738647,"{""type"":""Point"",""coordinates"":[-48.7047720477195,-25.415128037028552]}"
00000000000000000534,-1.9610174894332886,"{""type"":""Point"",""coordinates"":[-48.70467394749632,-25.415128037028555]}"
00000000000000000555,-1.9600341320037842,"{""type"":""Point"",""coordinates"":[-48.704473287948915,-25.415212759948577]}"
00000000000000000510,-1.9586294889450073,"{""type"":""Point"",""coordinates"":[-48.70487460704372,-25.415038855007488]}"
00000000000000000554,-1.956926941871643,"{""type"":""Point"",""coordinates"":[-48.704473287948915,-25.415123577927503]}"
000000000000000004b6,-1.9493106603622437,"{""type"":""Point"",""coordinates"":[-48.705271467037484,-25.414958591188526]}"
00000000000000000483,-1.949019193649292,"{""type"":""Point"",""coordinates"":[-48.70545874928173,-25.415680965559186]}"
00000000000000000533,-1.9485217332839966,"{""type"":""Point"",""coordinates"":[-48.70467394749632,-25.414945213885364]}"
0000000000000000049e,-1.9420273303985596,"{""type"":""Point"",""coordinates"":[-48.705369567260654,-25.414958591188523]}"
0000000000000000054c,-1.9395618438720703,"{""type"":""Point"",""coordinates"":[-48.70445099244364,-25.416296321504557]}"
0000000000000000046f,-1.9325166940689087,"{""type"":""Point"",""coordinates"":[-48.70557022680806,-25.41505223231065]}"
000000000000000004cd,-1.932076096534729,"{""type"":""Point"",""coordinates"":[-48.7051733668143,-25.414954132087473]}"
000000000000000004c3,-1.9320534467697144,"{""type"":""Point"",""coordinates"":[-48.705146612207976,-25.416398880828787]}"
00000000000000000499,-1.930190086364746,"{""type"":""Point"",""coordinates"":[-48.70535618995749,-25.41577014758025]}"
00000000000000000481,-1.913299798965454,"{""type"":""Point"",""coordinates"":[-48.70545429018067,-25.41586378870237]}"
0000000000000000046e,-1.9107081890106201,"{""type"":""Point"",""coordinates"":[-48.705565767707,-25.415230596352785]}"
00000000000000000470,-1.903395652770996,"{""type"":""Point"",""coordinates"":[-48.705565767707,-25.415141414331714]}"
00000000000000000568,-1.9017536,"{""type"":""Point"",""coordinates"":[-48.70426816930045,-25.41539112399071]}"
000000000000000004ad,-1.9016964435577393,"{""type"":""Point"",""coordinates"":[-48.70524917153221,-25.416220516786648]}"
00000000000000000135,-1.900620460510254,"{""type"":""Point"",""coordinates"":[-48.708914552598145,-25.416818036327815]}"
00000000000000000480,-1.899496078491211,"{""type"":""Point"",""coordinates"":[-48.70545429018067,-25.41577014758025]}"
000000000000000004fc,-1.8922536373138428,"{""type"":""Point"",""coordinates"":[-48.70497270726689,-25.41504331410854]}"
0000000000000000049c,-1.8867831230163574,"{""type"":""Point"",""coordinates"":[-48.705356189957485,-25.415680965559186]}"
00000000000000000452,-1.882442593574524,"{""type"":""Point"",""coordinates"":[-48.70567278613229,-25.41487386826851]}"
00000000000000000522,-1.8734556436538696,"{""type"":""Point"",""coordinates"":[-48.7047720477195,-25.41522167815068]}"
000000000000000004f0,-1.8710192441940308,"{""type"":""Point"",""coordinates"":[-48.70494595266057,-25.416394421727734]}"
0000000000000000050e,-1.8700021,"{""type"":""Point"",""coordinates"":[-48.70487014794267,-25.41513249612961]}"
0000000000000000047d,-1.864174723625183,"{""type"":""Point"",""coordinates"":[-48.705458749281725,-25.415502601517044]}"
0000000000000000055e,-1.8609802722930908,"{""type"":""Point"",""coordinates"":[-48.70437072862469,-25.415395583091758]}"
000000000000000004c2,-1.8576625,"{""type"":""Point"",""coordinates"":[-48.705146612207976,-25.416309698807716]}"
000000000000000004e4,-1.8535766,"{""type"":""Point"",""coordinates"":[-48.70507526659112,-25.414954132087473]}"
00000000000000000566,-1.8496881,"{""type"":""Point"",""coordinates"":[-48.70425479199729,-25.41620268038244]}"
0000000000000000049b,-1.8468768,"{""type"":""Point"",""coordinates"":[-48.70536064905855,-25.41559178353812]}"
000000000000000004b9,-1.8460061,"{""type"":""Point"",""coordinates"":[-48.70527146703748,-25.415047773209597]}"
0000000000000000054f,-1.8454605340957642,"{""type"":""Point"",""coordinates"":[-48.704468828847865,-25.415306401070698]}"
000000000000000000f9,-1.8392112255096436,"{""type"":""Point"",""coordinates"":[-48.70921331236873,-25.416733313407796]}"
00000000000000000535,-1.8379461765289307,"{""type"":""Point"",""coordinates"":[-48.70466948839527,-25.415217219049627]}"
0000000000000000055c,-1.831785798072815,"{""type"":""Point"",""coordinates"":[-48.704366269523625,-25.415484765112833]}"
00000000000000000546,-1.8261784315109253,"{""type"":""Point"",""coordinates"":[-48.70457138817209,-25.415217219049627]}"
000000000000000004a1,-1.8251415491104126,"{""type"":""Point"",""coordinates"":[-48.705369567260654,-25.415047773209597]}"
00000000000000000560,-1.8229767084121704,"{""type"":""Point"",""coordinates"":[-48.704366269523625,-25.415573947133907]}"
0000000000000000050f,-1.8177815,"{""type"":""Point"",""coordinates"":[-48.704870147942664,-25.41522167815068]}"
000000000000000000e6,-1.8175122737884521,"{""type"":""Point"",""coordinates"":[-48.70931141259191,-25.4167333134078]}"
0000000000000000046c,-1.8098779916763306,"{""type"":""Point"",""coordinates"":[-48.70557022680806,-25.41496305028958]}"
0000000000000000053b,-1.8076604,"{""type"":""Point"",""coordinates"":[-48.70454909266682,-25.41630078060561]}"
00000000000000000162,-1.8059110641479492,"{""type"":""Point"",""coordinates"":[-48.70871389305074,-25.416907218348875]}"
000000000000000004b2,-1.8054190874099731,"{""type"":""Point"",""coordinates"":[-48.705253630633266,-25.41585932960133]}"
0000000000000000051a,-1.8045159578323364,"{""type"":""Point"",""coordinates"":[-48.704767588618445,-25.415310860171743]}"
000000000000000004d0,-1.7974047,"{""type"":""Point"",""coordinates"":[-48.7051733668143,-25.415043314108544]}"
000000000000000004fa,-1.7948335409164429,"{""type"":""Point"",""coordinates"":[-48.7049727072669,-25.41513249612961]}"
00000000000000000489,-1.794004201889038,"{""type"":""Point"",""coordinates"":[-48.70546766748383,-25.415141414331718]}"
00000000000000000567,-1.7873741388320923,"{""type"":""Point"",""coordinates"":[-48.70426816930045,-25.41548030601178]}"
0000000000000000057a,-1.7818467617034912,"{""type"":""Point"",""coordinates"":[-48.70405859155094,-25.416109039260313]}"
0000000000000000049f,-1.7805293798446655,"{""type"":""Point"",""coordinates"":[-48.705369567260654,-25.41513695523066]}"
00000000000000000552,-1.7769826,"{""type"":""Point"",""coordinates"":[-48.70446436974681,-25.415573947133904]}"
000000000000000004c1,-1.7718687057495117,"{""type"":""Point"",""coordinates"":[-48.70525363063326,-25.415948511622393]}"
00000000000000000487,-1.7652781009674072,"{""type"":""Point"",""coordinates"":[-48.70546766748383,-25.415230596352785]}"
0000000000000000051b,-1.7635693550109863,"{""type"":""Point"",""coordinates"":[-48.704767588618445,-25.415400042192815]}"
000000000000000004c4,-1.76276695728302,"{""type"":""Point"",""coordinates"":[-48.705151071309025,-25.4162160576856]}"
0000000000000000010d,-1.7625080347061157,"{""type"":""Point"",""coordinates"":[-48.709115212145555,-25.416822495428864]}"
000000000000000004c0,-1.7555925846099854,"{""type"":""Point"",""coordinates"":[-48.70524917153221,-25.416131334765584]}"
000000000000000004fb,-1.7547706365585327,"{""type"":""Point"",""coordinates"":[-48.70496824816584,-25.41522167815068]}"
00000000000000000507,-1.7520947456359863,"{""type"":""Point"",""coordinates"":[-48.704870147942664,-25.41531086017175]}"
00000000000000000485,-1.7481626272201538,"{""type"":""Point"",""coordinates"":[-48.70547212658488,-25.414958591188523]}"
0000000000000000054e,-1.7464646100997925,"{""type"":""Point"",""coordinates"":[-48.704468828847865,-25.41548476511283]}"
00000000000000000496,-1.7431316375732422,"{""type"":""Point"",""coordinates"":[-48.70536064905855,-25.415498142415995]}"
00000000000000000488,-1.7423969507217407,"{""type"":""Point"",""coordinates"":[-48.70546766748384,-25.415047773209594]}"
00000000000000000529,-1.7410136461257935,"{""type"":""Point"",""coordinates"":[-48.70465165199104,-25.41630078060561]}"
000000000000000004da,-1.7381125,"{""type"":""Point"",""coordinates"":[-48.70504405288374,-25.41639888082879]}"
000000000000000004b1,-1.7366135120391846,"{""type"":""Point"",""coordinates"":[-48.70525808973432,-25.41577014758025]}"
00000000000000000571,-1.7353026866912842,"{""type"":""Point"",""coordinates"":[-48.70416560997622,-25.415569488032848]}"
000000000000000004bf,-1.7331234216690063,"{""type"":""Point"",""coordinates"":[-48.705253630633266,-25.416037693643457]}"
00000000000000000550,-1.7272530794143677,"{""type"":""Point"",""coordinates"":[-48.70446882884786,-25.415395583091765]}"
00000000000000000508,-1.7230261,"{""type"":""Point"",""coordinates"":[-48.70486568884162,-25.415400042192815]}"
00000000000000000503,-1.7195639,"{""type"":""Point"",""coordinates"":[-48.7048478524374,-25.416305239706666]}"
000000000000000004e7,-1.718949556350708,"{""type"":""Point"",""coordinates"":[-48.705070807490074,-25.41504331410854]}"
00000000000000000542,-1.7182923,"{""type"":""Point"",""coordinates"":[-48.70456692907104,-25.415578406234953]}"
000000000000000004a0,-1.7164595127105713,"{""type"":""Point"",""coordinates"":[-48.705365108159604,-25.41523059635278]}"
000000000000000004b7,-1.7158877849578857,"{""type"":""Point"",""coordinates"":[-48.70526700793642,-25.41513695523066]}"
000000000000000004f3,-1.7141317129135132,"{""type"":""Point"",""coordinates"":[-48.70496824816584,-25.415310860171743]}"
0000000000000000047e,-1.7125644,"{""type"":""Point"",""coordinates"":[-48.705463208382774,-25.415319778373853]}"
0000000000000000053f,-1.7073633670806885,"{""type"":""Point"",""coordinates"":[-48.704571388172084,-25.41530640107069]}"
0000000000000000052d,-1.7053296566009521,"{""type"":""Point"",""coordinates"":[-48.70466948839527,-25.415306401070698]}"
00000000000000000516,-1.6894575357437134,"{""type"":""Point"",""coordinates"":[-48.70474975221423,-25.41630078060561]}"
000000000000000004f4,-1.686111330986023,"{""type"":""Point"",""coordinates"":[-48.7049637890648,-25.41540450129387]}"
0000000000000000047f,-1.6845407485961914,"{""type"":""Point"",""coordinates"":[-48.705463208382774,-25.415408960394924]}"
0000000000000000053e,-1.6712570190429688,"{""type"":""Point"",""coordinates"":[-48.70456692907104,-25.415489224213886]}"
000000000000000004ce,-1.6704784631729126,"{""type"":""Point"",""coordinates"":[-48.70516890771326,-25.41513695523066]}"
000000000000000004d9,-1.6661126,"{""type"":""Point"",""coordinates"":[-48.7050485119848,-25.416305239706666]}"
0000000000000000056a,-1.663577675819397,"{""type"":""Point"",""coordinates"":[-48.70426816930045,-25.415573947133904]}"
00000000000000000578,-1.6599682,"{""type"":""Point"",""coordinates"":[-48.704067509753045,-25.41565867005392]}"
00000000000000000497,-1.6568523,"{""type"":""Point"",""coordinates"":[-48.705365108159604,-25.415319778373853]}"
000000000000000004b4,-1.6557632684707642,"{""type"":""Point"",""coordinates"":[-48.705258089734315,-25.41567650645813]}"
000000000000000004cf,-1.646765947341919,"{""type"":""Point"",""coordinates"":[-48.70516890771326,-25.415226137251736]}"
00000000000000000519,-1.6365128755569458,"{""type"":""Point"",""coordinates"":[-48.70476312951738,-25.415489224213886]}"
00000000000000000561,-1.635689377784729,"{""type"":""Point"",""coordinates"":[-48.704366269523625,-25.415663129154968]}"
000000000000000004b8,-1.6315884,"{""type"":""Point"",""coordinates"":[-48.70526700793642,-25.415226137251736]}"
000000000000000004e5,-1.6299999952316284,"{""type"":""Point"",""coordinates"":[-48.70507080749007,-25.41513249612961]}"
00000000000000000553,-1.6288007497787476,"{""type"":""Point"",""coordinates"":[-48.7044643697468,-25.415667588256024]}"
000000000000000004c6,-1.6274489164352417,"{""type"":""Point"",""coordinates"":[-48.705164448612194,-25.415315319272803]}"
00000000000000000540,-1.626491665840149,"{""type"":""Point"",""coordinates"":[-48.70456692907104,-25.41539558309176]}"
00000000000000000574,-1.622721791267395,"{""type"":""Point"",""coordinates"":[-48.704156691774116,-25.416113498361366]}"
0000000000000000055b,-1.6181447,"{""type"":""Point"",""coordinates"":[-48.70435289222048,-25.41620713948349]}"
000000000000000004e6,-1.6173336505889893,"{""type"":""Point"",""coordinates"":[-48.70506634838902,-25.415226137251736]}"
00000000000000000498,-1.6171380281448364,"{""type"":""Point"",""coordinates"":[-48.705365108159604,-25.415408960394924]}"
0000000000000000014c,-1.6170395612716675,"{""type"":""Point"",""coordinates"":[-48.70881199327391,-25.41690721834888]}"
000000000000000004dd,-1.6079480648040771,"{""type"":""Point"",""coordinates"":[-48.70506634838902,-25.415315319272803]}"
0000000000000000052e,-1.6070867776870728,"{""type"":""Point"",""coordinates"":[-48.70466948839527,-25.415400042192815]}"
00000000000000000572,-1.6045832,"{""type"":""Point"",""coordinates"":[-48.70416560997622,-25.415663129154968]}"
0000000000000000052c,-1.5955581,"{""type"":""Point"",""coordinates"":[-48.70466502929422,-25.415489224213886]}"
000000000000000004c7,-1.588487148284912,"{""type"":""Point"",""coordinates"":[-48.705164448612194,-25.41540450129387]}"
000000000000000004d7,-1.5863361358642578,"{""type"":""Point"",""coordinates"":[-48.705151071309025,-25.416126875664528]}"
000000000000000004de,-1.5825315713882446,"{""type"":""Point"",""coordinates"":[-48.70506634838902,-25.41540450129387]}"
000000000000000004b3,-1.5814251899719238,"{""type"":""Point"",""coordinates"":[-48.705258089734315,-25.41558732443706]}"
0000000000000000054d,-1.5752639770507812,"{""type"":""Point"",""coordinates"":[-48.704455451544696,-25.41620713948349]}"
00000000000000000531,-1.5751763,"{""type"":""Point"",""coordinates"":[-48.70466502929422,-25.415578406234953]}"
00000000000000000121,-1.5725380182266235,"{""type"":""Point"",""coordinates"":[-48.70901265282132,-25.416818036327815]}"
00000000000000000178,-1.5710093975067139,"{""type"":""Point"",""coordinates"":[-48.70861133372651,-25.41699640036995]}"
000000000000000004af,-1.567101001739502,"{""type"":""Point"",""coordinates"":[-48.70526700793642,-25.415315319272803]}"
000000000000000004db,-1.5571986436843872,"{""type"":""Point"",""coordinates"":[-48.7050485119848,-25.416216057685595]}"
00000000000000000137,-1.5525420904159546,"{""type"":""Point"",""coordinates"":[-48.708914552598145,-25.41690721834888]}"
000000000000000004ef,-1.5483577251434326,"{""type"":""Point"",""coordinates"":[-48.70495041176163,-25.416305239706666]}"
00000000000000000577,-1.545588731765747,"{""type"":""Point"",""coordinates"":[-48.704063050651996,-25.41574785207499]}"
00000000000000000543,-1.5445603132247925,"{""type"":""Point"",""coordinates"":[-48.70456246996998,-25.415667588256024]}"
0000000000000000056b,-1.5401238203048706,"{""type"":""Point"",""coordinates"":[-48.7042637101994,-25.415663129154968]}"
000000000000000004c9,-1.539625883102417,"{""type"":""Point"",""coordinates"":[-48.70515553041009,-25.41585932960132]}"
000000000000000004f2,-1.5370858907699585,"{""type"":""Point"",""coordinates"":[-48.7049637890648,-25.41549368331494]}"
000000000000000004ae,-1.5361735820770264,"{""type"":""Point"",""coordinates"":[-48.70526254883537,-25.415498142415995]}"
00000000000000000506,-1.5349925756454468,"{""type"":""Point"",""coordinates"":[-48.70486568884162,-25.41549368331494]}"
000000000000000004ed,-1.5260709524154663,"{""type"":""Point"",""coordinates"":[-48.70505297108585,-25.416126875664528]}"
000000000000000004b0,-1.5252031087875366,"{""type"":""Point"",""coordinates"":[-48.70526254883537,-25.415408960394924]}"
0000000000000000057d,-1.5214208364486694,"{""type"":""Point"",""coordinates"":[-48.70396049132776,-25.416019857239245]}"
000000000000000004d8,-1.5188528299331665,"{""type"":""Point"",""coordinates"":[-48.70515553041009,-25.415948511622393]}"
000000000000000004c8,-1.5119893550872803,"{""type"":""Point"",""coordinates"":[-48.70515553041009,-25.415765688479198]}"
000000000000000004d6,-1.5101711,"{""type"":""Point"",""coordinates"":[-48.705151071309025,-25.416037693643457]}"
0000000000000000053d,-1.507789134979248,"{""type"":""Point"",""coordinates"":[-48.70455355176787,-25.41620713948349]}"
000000000000000004c5,-1.4972939,"{""type"":""Point"",""coordinates"":[-48.705164448612194,-25.41549814241599]}"
0000000000000000057e,-1.4950278997421265,"{""type"":""Point"",""coordinates"":[-48.70396495042882,-25.41583703409605]}"
0000000000000000051e,-1.4789589643478394,"{""type"":""Point"",""coordinates"":[-48.70476312951738,-25.415578406234953]}"
000000000000000004cb,-1.4759650230407715,"{""type"":""Point"",""coordinates"":[-48.705159989511145,-25.41567650645813]}"
000000000000000004dc,-1.4757969379425049,"{""type"":""Point"",""coordinates"":[-48.705061889287975,-25.41549368331494]}"
00000000000000000161,-1.4702093,"{""type"":""Point"",""coordinates"":[-48.708713893050735,-25.41699640036995]}"
00000000000000000580,-1.4667160511016846,"{""type"":""Point"",""coordinates"":[-48.703862391104586,-25.41592621611712]}"
00000000000000000570,-1.458776593208313,"{""type"":""Point"",""coordinates"":[-48.70416560997622,-25.41575231117604]}"
000000000000000004ec,-1.4458723068237305,"{""type"":""Point"",""coordinates"":[-48.705052971085856,-25.416037693643457]}"
000000000000000004ca,-1.44441819190979,"{""type"":""Point"",""coordinates"":[-48.70515998951114,-25.41558732443706]}"
0000000000000000052b,-1.4394383430480957,"{""type"":""Point"",""coordinates"":[-48.70465165199105,-25.416211598584546]}"
000000000000000004ee,-1.4389944076538086,"{""type"":""Point"",""coordinates"":[-48.70505297108585,-25.415944052521336]}"
00000000000000000518,-1.4328925609588623,"{""type"":""Point"",""coordinates"":[-48.70474975221423,-25.416211598584542]}"
000000000000000004e0,-1.4311338663101196,"{""type"":""Point"",""coordinates"":[-48.70505743018691,-25.41585487050027]}"
00000000000000000532,-1.4310089349746704,"{""type"":""Point"",""coordinates"":[-48.70466057019316,-25.415667588256024]}"
00000000000000000190,-1.4243733882904053,"{""type"":""Point"",""coordinates"":[-48.70851323350333,-25.41708112328996]}"
000000000000000004df,-1.4219791889190674,"{""type"":""Point"",""coordinates"":[-48.705057430186905,-25.415765688479198]}"
000000000000000004f1,-1.4208422899246216,"{""type"":""Point"",""coordinates"":[-48.70495041176164,-25.416216057685595]}"
000000000000000004f7,-1.4182591438293457,"{""type"":""Point"",""coordinates"":[-48.7049637890648,-25.415582865336006]}"
0000000000000000057b,-1.4148701429367065,"{""type"":""Point"",""coordinates"":[-48.704063050651996,-25.415841493197103]}"
000000000000000004f8,-1.4082053899765015,"{""type"":""Point"",""coordinates"":[-48.704959329963735,-25.415672047357074]}"
000000000000000004e2,-1.4008190631866455,"{""type"":""Point"",""coordinates"":[-48.705061889287975,-25.41567650645813]}"
000000000000000004f5,-1.396715521812439,"{""type"":""Point"",""coordinates"":[-48.704959329963735,-25.415765688479198]}"
00000000000000000569,-1.3960014,"{""type"":""Point"",""coordinates"":[-48.704263710199406,-25.41575231117604]}"
000000000000000004e1,-1.3921338319778442,"{""type"":""Point"",""coordinates"":[-48.705061889287975,-25.415582865336003]}"
0000000000000000056d,-1.3854620456695557,"{""type"":""Point"",""coordinates"":[-48.704254791997286,-25.416113498361366]}"
000000000000000004f6,-1.3783308267593384,"{""type"":""Point"",""coordinates"":[-48.704959329963735,-25.415854870500272]}"
0000000000000000057f,-1.3693307638168335,"{""type"":""Point"",""coordinates"":[-48.70396049132776,-25.415930675218174]}"
00000000000000000551,-1.3679999113082886,"{""type"":""Point"",""coordinates"":[-48.704459910645745,-25.415756770277095]}"
0000000000000000055f,-1.3631935119628906,"{""type"":""Point"",""coordinates"":[-48.704361810422576,-25.415756770277095]}"
0000000000000000050b,-1.3590774,"{""type"":""Point"",""coordinates"":[-48.70486122974055,-25.415582865336003]}"
0000000000000000051f,-1.355825662612915,"{""type"":""Point"",""coordinates"":[-48.70476312951738,-25.415672047357074]}"
00000000000000000541,-1.3407063484191895,"{""type"":""Point"",""coordinates"":[-48.704562469969986,-25.415756770277095]}"
00000000000000000505,-1.3384419679641724,"{""type"":""Point"",""coordinates"":[-48.70485231153845,-25.416211598584546]}"
00000000000000000502,-1.3333150148391724,"{""type"":""Point"",""coordinates"":[-48.704954870862686,-25.415944052521336]}"
00000000000000000575,-1.3326694965362549,"{""type"":""Point"",""coordinates"":[-48.70416115087517,-25.4158414931971]}"
00000000000000000501,-1.320328950881958,"{""type"":""Point"",""coordinates"":[-48.70495041176163,-25.416126875664528]}"
0000000000000000050c,-1.3178579807281494,"{""type"":""Point"",""coordinates"":[-48.70486122974056,-25.415672047357077]}"
00000000000000000579,-1.3139011859893799,"{""type"":""Point"",""coordinates"":[-48.70405859155093,-25.416019857239245]}"
00000000000000000509,-1.3047161102294922,"{""type"":""Point"",""coordinates"":[-48.70486122974055,-25.415761229378145]}"
00000000000000000563,-1.299820899963379,"{""type"":""Point"",""coordinates"":[-48.70435735132152,-25.416113498361362]}"
00000000000000000500,-1.2940661907196045,"{""type"":""Point"",""coordinates"":[-48.704954870862686,-25.416033234542404]}"
0000000000000000050a,-1.2808903455734253,"{""type"":""Point"",""coordinates"":[-48.70485677063951,-25.415850411399216]}"
0000000000000000057c,-1.2771844863891602,"{""type"":""Point"",""coordinates"":[-48.704063050652,-25.415930675218174]}"
0000000000000000052f,-1.2755707502365112,"{""type"":""Point"",""coordinates"":[-48.704660570193155,-25.415761229378145]}"
0000000000000000056e,-1.2701855897903442,"{""type"":""Point"",""coordinates"":[-48.7042637101994,-25.415841493197103]}"
0000000000000000051c,-1.2580146789550781,"{""type"":""Point"",""coordinates"":[-48.70475867041634,-25.415761229378145]}"
00000000000000000515,-1.2499548196792603,"{""type"":""Point"",""coordinates"":[-48.70485677063951,-25.415944052521336]}"
00000000000000000557,-1.2322323322296143,"{""type"":""Point"",""coordinates"":[-48.70445545154469,-25.416117957462422]}"
00000000000000000514,-1.2173174619674683,"{""type"":""Point"",""coordinates"":[-48.704852311538446,-25.41612241656348]}"
00000000000000000564,-1.2154232263565063,"{""type"":""Point"",""coordinates"":[-48.704361810422576,-25.41584595229816]}"
00000000000000000558,-1.214922308921814,"{""type"":""Point"",""coordinates"":[-48.704459910645745,-25.41584595229816]}"
0000000000000000054a,-1.2148820161819458,"{""type"":""Point"",""coordinates"":[-48.70455801086893,-25.41584595229816]}"
00000000000000000513,-1.2063839435577393,"{""type"":""Point"",""coordinates"":[-48.70485231153845,-25.416033234542404]}"
00000000000000000576,-1.1911766,"{""type"":""Point"",""coordinates"":[-48.70416115087517,-25.415930675218174]}"
0000000000000000054b,-1.175769567489624,"{""type"":""Point"",""coordinates"":[-48.704558010868936,-25.415939593420283]}"
0000000000000000051d,-1.1717082262039185,"{""type"":""Point"",""coordinates"":[-48.70475867041633,-25.415850411399212]}"
00000000000000000549,-1.1691311597824097,"{""type"":""Point"",""coordinates"":[-48.70455355176787,-25.416117957462422]}"
00000000000000000530,-1.1664445400238037,"{""type"":""Point"",""coordinates"":[-48.70466057019316,-25.415850411399212]}"
00000000000000000559,-1.16030752658844,"{""type"":""Point"",""coordinates"":[-48.70445991064575,-25.41593513431923]}"
0000000000000000056f,-1.1563624143600464,"{""type"":""Point"",""coordinates"":[-48.70425925109835,-25.415935134319227]}"
00000000000000000528,-1.1528812,"{""type"":""Point"",""coordinates"":[-48.70475867041634,-25.415939593420287]}"
00000000000000000565,-1.149812936782837,"{""type"":""Point"",""coordinates"":[-48.70435735132151,-25.41593513431923]}"
0000000000000000053a,-1.1475721,"{""type"":""Point"",""coordinates"":[-48.704656111092106,-25.415939593420283]}"
00000000000000000539,-1.1462212800979614,"{""type"":""Point"",""coordinates"":[-48.704656111092106,-25.41612241656348]}"
00000000000000000527,-1.1396756172180176,"{""type"":""Point"",""coordinates"":[-48.704754211315276,-25.41612241656348]}"
00000000000000000526,-1.1326508,"{""type"":""Point"",""coordinates"":[-48.704754211315276,-25.416033234542404]}"
00000000000000000548,-1.1310696601867676,"{""type"":""Point"",""coordinates"":[-48.704558010868936,-25.41602877544135]}"
00000000000000000538,-1.1260037422180176,"{""type"":""Point"",""coordinates"":[-48.70465611109209,-25.41602877544135]}"
00000000000000000573,-1.1174143,"{""type"":""Point"",""coordinates"":[-48.704156691774116,-25.416024316340298]}"
00000000000000000556,-1.1169335842132568,"{""type"":""Point"",""coordinates"":[-48.70445545154469,-25.41602877544135]}"
00000000000000000562,-1.0924038887023926,"{""type"":""Point"",""coordinates"":[-48.70435735132152,-25.416024316340298]}"
0000000000000000056c,-1.074033260345459,"{""type"":""Point"",""coordinates"":[-48.70425925109835,-25.416024316340298]}"
0000000000000000001b,0.0,"{""type"":""Point"",""coordinates"":[-48.710716029423736,-25.41612241656348]}"
0000000000000000004b,0.0,"{""type"":""Point"",""coordinates"":[-48.71021661010574,-25.416385503525632]}"
00000000000000000066,0.0,"{""type"":""Point"",""coordinates"":[-48.71001595055834,-25.4164746855467]}"
0000000000000000023a,0.0,"{""type"":""Point"",""coordinates"":[-48.707817613738996,-25.417072205087862]}"
00000000000000000253,0.0,"{""type"":""Point"",""coordinates"":[-48.707715054414756,-25.417072205087862]}"
0000000000000000030c,0.0,"{""type"":""Point"",""coordinates"":[-48.706965925437785,-25.41480252265166]}"
00000000000000000429,0.0,"{""type"":""Point"",""coordinates"":[-48.70587344567969,-25.41469550422637]}"
00000000000000000486,0.0,"{""type"":""Point"",""coordinates"":[-48.705476585685936,-25.414780227146387]}"
000000000000000004a5,0.0,"{""type"":""Point"",""coordinates"":[-48.70533389445223,-25.41694289115731]}"
00000000000000000544,0.0,"{""type"":""Point"",""coordinates"":[-48.70457584727314,-25.41494521388536]}"
